match_id,game_date,game_duration_min,champion,position,win,kills,deaths,assists,kda,cs,cs_per_min,gold,gold_per_min,damage,damage_per_min,vision_score,double_kills,triple_kills,quadra_kills,penta_kills,game_mode
KR_8375134678,2026-09-09 15:34:02.553,15.38,Syndra,MIDDLE,0,2,3,2,1.33,120,7.8,6550,425.79,9802,637.18,6,0,0,0,0,CLASSIC
KR_8375098445,2026-09-09 15:01:33.917,25.72,Nasus,MIDDLE,0,4,6,5,1.5,191,7.43,9509,369.76,21187,823.86,10,0,0,0,0,CLASSIC
KR_8375074812,2026-09-09 14:53:33.192,1.1,Lulu,UTILITY,0,0,0,0,0.0,0,0.0,507,460.91,0,0.0,0,0,0,0,0,CLASSIC
KR_8375018240,2026-09-09 14:08:47.956,35.12,Syndra,MIDDLE,0,7,13,16,1.77,203,5.78,14925,425.01,53268,1516.89,27,1,0,0,0,CLASSIC
KR_8374069270,2026-09-08 15:53:18.519,34.05,Hwei,MIDDLE,0,7,10,6,1.3,231,6.78,13470,395.59,39162,1150.13,32,1,0,0,0,CLASSIC
KR_8374043181,2026-09-08 15:27:43.646,20.37,Galio,MIDDLE,0,1,6,3,0.67,134,6.58,6272,307.95,8521,418.38,8,0,0,0,0,CLASSIC
KR_8373934931,2026-09-08 14:23:45.240,46.92,Syndra,MIDDLE,1,13,10,7,2.0,291,6.2,18554,395.47,46765,996.77,49,0,0,0,0,CLASSIC
KR_8373889728,2026-09-08 13:55:25.847,23.78,Vex,MIDDLE,1,3,6,10,2.17,178,7.48,8955,376.52,15692,659.79,25,0,0,0,0,CLASSIC
KR_8372868660,2026-09-07 14:45:45.431,23.07,Locke,MIDDLE,1,11,5,3,2.8,120,5.2,9481,411.03,16252,704.57,13,3,0,0,0,CLASSIC
KR_8372809301,2026-09-07 14:05:20.575,32.0,Diana,MIDDLE,1,4,11,17,1.91,206,6.44,12556,392.38,26725,835.16,20,0,0,0,0,CLASSIC
KR_8372743164,2026-09-07 13:26:59.219,33.9,Vex,MIDDLE,1,12,6,13,4.17,255,7.52,16325,481.56,40972,1208.61,29,3,1,0,0,CLASSIC
KR_8372665175,2026-09-07 12:46:28.854,35.0,Vex,MIDDLE,0,4,6,7,1.83,270,7.71,12430,355.14,49165,1404.71,33,0,0,0,0,CLASSIC
KR_8372601111,2026-09-07 12:10:17.538,29.95,Syndra,MIDDLE,0,9,5,7,3.2,269,8.98,14882,496.89,38067,1271.02,26,0,0,0,0,CLASSIC
KR_8371691640,2026-09-06 14:28:41.734,33.38,Syndra,MIDDLE,1,5,7,9,2.0,257,7.7,13256,397.08,34098,1021.41,26,0,0,0,0,CLASSIC
KR_8371608552,2026-09-06 13:45:04.760,33.97,Galio,MIDDLE,0,7,7,10,2.43,241,7.1,13375,393.77,25770,758.68,47,0,0,0,0,CLASSIC
KR_8371526646,2026-09-06 13:08:23.160,31.37,Jax,TOP,1,10,7,8,2.57,208,6.63,14072,448.63,37886,1207.84,18,1,0,0,0,CLASSIC
KR_8370173824,2026-09-05 15:59:38.411,29.07,Leblanc,MIDDLE,0,3,6,9,2.0,210,7.22,11304,388.9,25125,864.39,14,0,0,0,0,CLASSIC
KR_8370092571,2026-09-05 15:14:37.893,26.77,Diana,MIDDLE,1,11,5,4,3.0,236,8.82,13328,497.93,33348,1245.88,24,0,0,0,0,CLASSIC
KR_8368619459,2026-09-04 16:31:03.096,31.72,Galio,MIDDLE,1,12,5,19,6.2,170,5.36,14431,455.0,34693,1093.84,30,2,0,0,0,CLASSIC
KR_8368573700,2026-09-04 16:06:18.904,19.5,Sona,UTILITY,1,2,3,15,5.67,16,0.82,6704,343.79,10191,522.62,57,0,0,0,0,CLASSIC
KR_8368484850,2026-09-04 15:19:39.049,39.13,Jayce,TOP,0,8,10,13,2.1,304,7.77,16589,423.91,41094,1050.1,28,0,0,0,0,CLASSIC
KR_8368428766,2026-09-04 14:53:07.398,21.8,Ahri,MIDDLE,1,10,1,6,16.0,190,8.72,11686,536.06,21053,965.73,19,2,0,0,0,CLASSIC
KR_8367606873,2026-09-04 04:59:08.137,39.58,Darius,TOP,0,11,10,3,1.4,321,8.11,18470,466.61,34985,883.83,33,1,0,0,0,CLASSIC
KR_8361943089,2026-08-30 11:33:04.691,36.88,Diana,MIDDLE,0,11,14,7,1.29,217,5.88,14800,401.27,39752,1077.78,38,1,0,0,0,CLASSIC
KR_8361863637,2026-08-30 10:58:34.300,29.48,Yasuo,MIDDLE,0,4,13,2,0.46,223,7.56,10636,360.75,17097,579.89,23,0,0,0,0,CLASSIC
KR_8357436899,2026-08-27 14:53:08.401,34.22,Garen,TOP,1,13,6,8,3.5,282,8.24,17583,513.87,43532,1272.25,16,2,0,0,0,CLASSIC
KR_8357401332,2026-08-27 14:31:35.965,15.55,Irelia,TOP,0,1,4,1,0.5,152,9.77,6533,420.13,8450,543.41,10,0,0,0,0,CLASSIC
KR_8356308515,2026-08-26 16:04:02.467,27.0,Thresh,UTILITY,0,0,7,9,1.29,19,0.7,6834,253.11,5279,195.52,62,0,0,0,0,CLASSIC
KR_8356254598,2026-08-26 15:21:24.180,35.28,Irelia,TOP,1,7,11,13,1.82,287,8.13,16678,472.69,31235,885.26,30,1,0,0,0,CLASSIC
KR_8356213007,2026-08-26 14:46:54.209,27.85,Sona,UTILITY,1,5,3,23,9.33,16,0.57,10622,381.4,16695,599.46,77,0,0,0,0,CLASSIC
KR_8353574744,2026-08-24 11:25:57.697,30.58,Sona,UTILITY,1,0,6,13,2.17,18,0.59,8943,292.41,11777,385.08,73,0,0,0,0,CLASSIC
KR_8353528793,2026-08-24 10:52:27.213,23.65,Galio,MIDDLE,0,4,2,8,6.0,206,8.71,9544,403.55,14382,608.12,14,0,0,0,0,CLASSIC
KR_8352754665,2026-08-23 14:20:46.403,28.2,Tristana,MIDDLE,1,8,7,5,1.86,223,7.91,14149,501.74,26101,925.57,39,1,0,0,0,CLASSIC
KR_8352678896,2026-08-23 13:42:49.697,31.47,Orianna,MIDDLE,0,10,6,9,3.17,248,7.88,14960,475.42,33152,1053.56,26,1,0,0,0,CLASSIC
KR_8352620075,2026-08-23 13:06:47.470,30.85,TwistedFate,MIDDLE,0,2,11,15,1.55,226,7.33,12522,405.9,21068,682.92,21,0,0,0,0,CLASSIC
KR_8350968635,2026-08-22 13:22:15.455,30.9,Pantheon,TOP,0,8,8,4,1.5,201,6.5,12743,412.39,25909,838.48,17,1,0,0,0,CLASSIC
KR_8350769947,2026-08-22 11:44:12.903,29.03,Orianna,MIDDLE,1,3,1,8,11.0,252,8.68,12256,422.14,19903,685.52,29,0,0,0,0,CLASSIC
KR_8350425239,2026-08-22 07:40:28.472,34.12,TwistedFate,MIDDLE,0,3,6,7,1.67,249,7.3,14279,418.53,28360,831.27,34,0,0,0,0,CLASSIC
KR_8349544035,2026-08-21 14:27:36.766,30.1,TwistedFate,MIDDLE,1,3,9,8,1.22,214,7.11,12407,412.19,20933,695.45,34,0,0,0,0,CLASSIC
KR_8349438133,2026-08-21 13:36:10.746,32.53,Tristana,MIDDLE,1,7,4,13,5.0,258,7.93,15908,488.98,32008,983.85,31,0,0,0,0,CLASSIC
KR_8349319669,2026-08-21 12:41:29.350,34.55,TwistedFate,MIDDLE,0,10,8,10,2.5,216,6.25,16026,463.85,29121,842.87,40,0,0,0,0,CLASSIC
KR_8346255446,2026-08-18 15:06:36.232,38.17,TwistedFate,MIDDLE,1,6,9,14,2.22,254,6.66,15637,409.7,30267,793.02,29,0,0,0,0,CLASSIC
KR_8346210196,2026-08-18 14:30:28.180,29.48,Tristana,MIDDLE,0,2,4,3,1.25,290,9.84,12799,434.11,13026,441.81,29,0,0,0,0,CLASSIC
KR_8346140574,2026-08-18 13:56:22.330,29.58,TwistedFate,MIDDLE,1,10,7,22,4.57,177,5.98,15705,530.87,31041,1049.27,22,1,0,0,0,CLASSIC
KR_8345136643,2026-08-17 15:19:05.089,38.72,Locke,MIDDLE,1,19,9,8,3.0,285,7.36,22327,576.68,50242,1297.68,42,4,1,0,0,CLASSIC
KR_8345092375,2026-08-17 14:47:04.285,25.13,TwistedFate,MIDDLE,1,3,2,12,7.5,205,8.16,12505,497.55,16050,638.59,20,0,0,0,0,CLASSIC
KR_8335247417,2026-08-10 12:49:29.487,21.47,Zeri,BOTTOM,0,1,8,7,1.0,189,8.8,9975,464.67,20834,970.53,13,0,0,0,0,CLASSIC
KR_8335182729,2026-08-10 12:17:38.572,26.02,Katarina,MIDDLE,0,1,13,4,0.38,125,4.8,6967,267.79,15028,577.63,14,0,0,0,0,CLASSIC
KR_8332625601,2026-08-08 14:51:19.416,37.78,Maokai,MIDDLE,0,3,8,11,1.75,268,7.09,12630,334.27,26758,708.2,27,0,0,0,0,CLASSIC
KR_8332517141,2026-08-08 13:55:55.769,27.68,TwistedFate,MIDDLE,1,3,4,21,6.0,191,6.9,11818,426.9,22518,813.41,22,0,0,0,0,CLASSIC
KR_8332438878,2026-08-08 13:26:49.526,24.5,Hecarim,JUNGLE,0,6,9,6,1.33,137,5.59,9716,396.57,12375,505.1,18,1,0,0,0,CLASSIC
KR_8331889407,2026-08-08 07:27:39.328,39.1,TwistedFate,MIDDLE,0,15,17,18,1.94,203,5.19,20146,515.24,50745,1297.83,27,0,0,0,0,CLASSIC
KR_8331820784,2026-08-08 06:46:28.125,34.55,Hwei,MIDDLE,0,9,5,10,3.8,249,7.21,14273,413.11,44884,1299.1,31,0,0,0,0,CLASSIC
KR_8331692653,2026-08-08 05:06:27.962,16.75,TwistedFate,MIDDLE,0,6,5,3,1.8,122,7.28,8719,520.54,10599,632.78,5,0,0,0,0,CLASSIC
KR_8331660494,2026-08-08 04:31:43.201,26.12,TwistedFate,MIDDLE,1,7,8,13,2.5,153,5.86,11248,430.68,20967,802.82,19,1,0,0,0,CLASSIC
KR_8326008240,2026-08-03 13:45:44.761,34.32,TwistedFate,MIDDLE,0,8,10,8,1.6,250,7.29,16616,484.2,31138,907.37,27,1,0,0,0,CLASSIC
KR_8325931725,2026-08-03 13:11:54.116,28.55,Kassadin,MIDDLE,1,4,7,1,0.71,194,6.8,10527,368.72,19260,674.61,17,0,0,0,0,CLASSIC
KR_8325856917,2026-08-03 12:34:50.465,30.65,Annie,MIDDLE,0,5,11,8,1.18,211,6.88,11527,376.08,30569,997.36,28,0,0,0,0,CLASSIC
KR_8325801001,2026-08-03 11:52:34.242,36.65,Zaahen,TOP,0,13,6,10,3.83,259,7.07,18938,516.73,53723,1465.84,41,1,0,0,0,CLASSIC
KR_8325501290,2026-08-03 07:54:18.695,18.53,TwistedFate,MIDDLE,0,0,5,4,0.8,126,6.8,6347,342.46,7354,396.8,13,0,0,0,0,CLASSIC
KR_8325321854,2026-08-03 05:00:55.465,28.63,TwistedFate,MIDDLE,1,4,3,18,7.33,226,7.89,13486,470.99,22569,788.21,30,0,0,0,0,CLASSIC
KR_8324865889,2026-08-02 15:03:33.017,20.42,TwistedFate,MIDDLE,1,5,5,6,2.2,153,7.49,9474,464.03,16745,820.16,11,0,0,0,0,CLASSIC
KR_8324780359,2026-08-02 14:11:06.752,44.58,Zaahen,TOP,0,6,13,12,1.38,276,6.19,17483,392.14,32992,740.01,57,0,0,0,0,CLASSIC
KR_8324489152,2026-08-02 11:42:18.247,43.28,Ornn,TOP,1,13,7,21,4.86,288,6.65,18796,434.25,61438,1419.44,50,0,0,0,0,CLASSIC
KR_8323634871,2026-08-01 22:51:56.840,52.58,Hwei,MIDDLE,1,9,12,13,1.83,360,6.85,20141,383.03,39458,750.39,42,1,0,0,0,CLASSIC
KR_8322659725,2026-08-01 09:06:30.796,32.72,Annie,MIDDLE,1,8,6,6,2.33,194,5.93,12442,380.3,25539,780.61,26,1,1,0,0,CLASSIC
KR_8322620275,2026-08-01 08:33:33.759,28.05,Malphite,TOP,0,1,5,7,1.6,234,8.34,10915,389.13,23040,821.39,23,0,0,0,0,CLASSIC
KR_8322591133,2026-08-01 08:12:11.859,15.35,Bard,UTILITY,1,0,3,8,2.67,13,0.85,4794,312.31,6242,406.64,33,0,0,0,0,CLASSIC
KR_8322258543,2026-08-01 03:43:33.512,22.45,Pantheon,MIDDLE,1,11,2,1,6.0,200,8.91,12490,556.35,17935,798.89,20,1,0,0,0,CLASSIC
KR_8321606235,2026-07-31 13:51:06.849,37.4,TwistedFate,MIDDLE,1,3,5,24,5.4,315,8.42,20787,555.8,36322,971.18,22,0,0,0,0,CLASSIC
KR_8321112125,2026-07-31 08:05:16.289,27.42,Fizz,MIDDLE,0,11,8,3,1.75,205,7.48,13607,496.3,25826,941.98,18,3,0,0,0,CLASSIC
KR_8321065235,2026-07-31 07:29:09.857,23.95,TwistedFate,MIDDLE,1,5,3,7,4.0,191,7.97,10668,445.43,15984,667.39,21,0,0,0,0,CLASSIC
KR_8320530634,2026-07-30 16:00:43.104,24.67,TwistedFate,MIDDLE,1,8,2,5,6.5,181,7.34,12064,489.08,21390,867.16,15,1,1,0,0,CLASSIC
KR_8320421644,2026-07-30 14:47:54.146,27.6,TwistedFate,MIDDLE,0,2,9,10,1.33,196,7.1,11153,404.09,24083,872.57,23,0,0,0,0,CLASSIC
KR_8320214310,2026-07-30 12:59:10.658,29.47,TwistedFate,MIDDLE,1,4,7,13,2.43,199,6.75,12970,440.16,20490,695.36,20,0,0,0,0,CLASSIC
KR_8320078032,2026-07-30 11:31:25.727,15.25,TwistedFate,MIDDLE,0,1,6,3,0.67,109,7.15,5419,355.34,7743,507.74,11,0,0,0,0,CLASSIC
KR_8319134322,2026-07-29 14:19:15.035,26.9,Briar,JUNGLE,1,14,6,5,3.17,193,7.17,15845,589.03,26492,984.83,14,3,0,0,0,CLASSIC
KR_8319081614,2026-07-29 13:51:39.159,20.92,Talon,MIDDLE,0,2,10,2,0.4,131,6.26,7052,337.15,11403,545.16,9,0,0,0,0,CLASSIC
KR_8319036490,2026-07-29 13:24:53.757,18.43,Annie,MIDDLE,0,2,5,0,0.4,154,8.35,6403,347.36,10608,575.48,6,0,0,0,0,CLASSIC
KR_8318966848,2026-07-29 12:47:48.281,31.4,TwistedFate,MIDDLE,1,8,8,12,2.5,194,6.18,13950,444.27,26361,839.52,29,0,0,0,0,CLASSIC
KR_8318897182,2026-07-29 12:04:28.699,38.25,Hwei,MIDDLE,0,5,6,18,3.83,296,7.74,16151,422.25,48775,1275.16,30,0,0,0,0,CLASSIC
KR_8317974551,2026-07-28 14:34:17.325,28.6,Yone,MIDDLE,0,8,8,2,1.25,211,7.38,11714,409.58,22211,776.61,24,1,0,0,0,CLASSIC
KR_8317907533,2026-07-28 13:58:47.979,30.03,Akali,MIDDLE,1,4,5,3,1.4,190,6.33,10840,360.93,13286,442.38,30,0,0,0,0,CLASSIC
KR_8317201488,2026-07-28 04:03:07.937,28.1,Hwei,MIDDLE,0,4,13,12,1.23,190,6.76,10989,391.07,26199,932.35,14,0,0,0,0,CLASSIC
KR_8315503794,2026-07-26 14:25:04.307,36.55,Hwei,MIDDLE,1,9,4,25,8.5,233,6.37,15448,422.65,47434,1297.78,20,1,0,0,0,CLASSIC
KR_8314889089,2026-07-26 08:41:33.555,42.15,Ambessa,TOP,0,7,9,7,1.56,276,6.55,15986,379.26,39686,941.54,45,1,0,0,0,CLASSIC
KR_8313984701,2026-07-25 15:31:57.534,29.55,Hwei,MIDDLE,1,4,6,8,2.0,184,6.23,10296,348.43,24162,817.66,13,1,1,0,0,CLASSIC
KR_8313940327,2026-07-25 15:06:22.786,20.65,Seraphine,UTILITY,1,1,4,11,3.0,28,1.36,6557,317.53,11731,568.09,42,0,0,0,0,CLASSIC
KR_8313860362,2026-07-25 14:30:12.358,29.38,Hwei,MIDDLE,1,7,4,11,4.5,265,9.02,14371,489.09,42695,1453.03,14,1,0,0,0,CLASSIC
KR_8313793202,2026-07-25 13:56:52.334,25.7,Mordekaiser,TOP,0,0,11,2,0.18,136,5.29,6629,257.94,9748,379.3,11,0,0,0,0,CLASSIC
KR_8313717421,2026-07-25 13:24:05.506,27.77,Ambessa,TOP,0,2,6,5,1.17,218,7.85,10018,360.79,21111,760.3,20,0,0,0,0,CLASSIC
KR_8313646631,2026-07-25 12:52:12.755,27.07,Ambessa,TOP,1,4,5,5,1.8,194,7.17,10638,393.03,19164,708.03,17,0,0,0,0,CLASSIC
KR_8313610088,2026-07-25 12:29:53.215,18.6,Lulu,UTILITY,0,2,6,5,1.17,19,1.02,5501,295.75,6923,372.2,40,0,0,0,0,CLASSIC
KR_8312028744,2026-07-24 12:28:44.374,29.9,Ambessa,TOP,0,6,7,5,1.57,260,8.7,13415,448.66,27412,916.79,25,0,0,0,0,CLASSIC
KR_8311523188,2026-07-24 05:01:42.969,35.3,Jhin,BOTTOM,1,20,5,11,6.2,230,6.52,20129,570.23,45703,1294.7,48,3,0,0,0,CLASSIC
KR_8310866737,2026-07-23 13:21:35.000,29.83,Zaahen,TOP,0,6,9,2,0.89,191,6.4,13100,439.11,35690,1196.31,26,0,0,0,0,CLASSIC
KR_8310801493,2026-07-23 12:45:26.110,31.32,Talon,MIDDLE,1,17,11,11,2.55,224,7.15,17552,560.47,50315,1606.65,24,1,0,0,0,CLASSIC
KR_8301786431,2026-07-17 06:37:03.919,34.55,Akali,MIDDLE,1,6,11,5,1.0,186,5.38,11912,344.78,26929,779.42,24,0,0,0,0,CLASSIC
KR_8301761168,2026-07-17 06:19:00.929,12.2,Annie,MIDDLE,1,3,2,5,4.0,90,7.38,5320,436.07,8061,660.74,5,0,0,0,0,CLASSIC
KR_8301698944,2026-07-17 05:42:34.811,29.03,Sylas,MIDDLE,0,6,12,2,0.67,165,5.68,9474,326.31,21519,741.18,17,0,0,0,0,CLASSIC
KR_8301666559,2026-07-17 05:13:57.986,23.37,TwistedFate,MIDDLE,1,2,5,10,2.4,205,8.77,11022,471.7,14423,617.25,11,0,0,0,0,CLASSIC
KR_8301623410,2026-07-17 04:37:50.923,31.47,Akali,MIDDLE,0,11,6,2,2.17,250,7.94,14669,466.18,31634,1005.32,20,2,0,0,0,CLASSIC
KR_8298424271,2026-07-14 13:40:31.363,25.7,Zed,MIDDLE,1,9,2,3,6.0,211,8.21,13982,544.05,21607,840.74,13,2,1,0,0,CLASSIC
KR_8298366694,2026-07-14 13:15:38.212,19.3,Lulu,UTILITY,0,1,3,0,0.33,18,0.93,4956,256.79,6089,315.49,21,0,0,0,0,CLASSIC
KR_8298288824,2026-07-14 12:36:25.106,32.32,Akali,MIDDLE,0,11,7,4,2.14,239,7.4,13587,420.43,29929,926.12,34,3,0,0,0,CLASSIC
KR_8298250244,2026-07-14 12:13:05.678,19.27,Sylas,MIDDLE,1,8,7,12,2.86,104,5.4,8124,421.66,21261,1103.51,12,0,0,0,0,CLASSIC
KR_8294493034,2026-07-11 13:44:55.247,25.05,Akali,MIDDLE,1,11,4,7,4.5,190,7.58,12372,493.89,22304,890.38,25,0,0,0,0,CLASSIC
KR_8293965835,2026-07-11 08:19:50.373,30.25,TwistedFate,MIDDLE,0,5,6,4,1.5,227,7.5,13680,452.23,24319,803.93,23,0,0,0,0,CLASSIC
KR_8293864342,2026-07-11 07:08:49.293,38.85,Jax,TOP,0,7,8,7,1.75,274,7.05,15005,386.23,27831,716.37,29,0,0,0,0,CLASSIC
KR_8293792273,2026-07-11 06:13:27.700,15.3,KSante,TOP,1,3,0,2,5.0,120,7.84,6142,401.44,9124,596.34,6,0,0,0,0,CLASSIC
KR_8293579127,2026-07-11 02:44:01.358,24.28,Kassadin,MIDDLE,1,5,3,5,3.33,186,7.66,9458,389.49,12207,502.69,9,1,0,0,0,CLASSIC
KR_8292900406,2026-07-10 13:29:31.984,32.58,Hwei,MIDDLE,0,1,6,3,0.67,258,7.92,10848,332.93,31641,971.08,21,0,0,0,0,CLASSIC
KR_8290497790,2026-07-08 13:03:37.782,28.3,Ahri,MIDDLE,0,1,9,2,0.33,195,6.89,8776,310.11,13822,488.41,15,0,0,0,0,CLASSIC
KR_8290424629,2026-07-08 12:25:10.019,32.2,KSante,TOP,0,8,6,4,2.0,218,6.77,11766,365.4,24297,754.57,29,0,0,0,0,CLASSIC
KR_8288174040,2026-07-06 13:06:57.553,15.2,Alistar,TOP,0,0,9,1,0.11,43,2.83,3183,209.41,5323,350.2,7,0,0,0,0,CLASSIC
KR_8285507707,2026-07-04 15:24:24.901,18.55,Yasuo,TOP,0,2,4,1,0.75,168,9.06,8121,437.79,9304,501.56,9,0,0,0,0,CLASSIC
KR_8285448650,2026-07-04 14:56:07.658,20.9,Hwei,TOP,0,3,4,0,0.75,181,8.66,8015,383.49,14648,700.86,14,0,0,0,0,CLASSIC
KR_8285245894,2026-07-04 13:26:59.550,28.87,Alistar,TOP,1,6,8,10,2.0,146,5.06,11572,400.88,26508,918.29,25,1,0,0,0,CLASSIC
KR_8285184142,2026-07-04 12:53:58.878,27.58,Alistar,TOP,0,0,10,7,0.7,145,5.26,7495,271.72,7382,267.63,18,0,0,0,0,CLASSIC
KR_8285149766,2026-07-04 12:42:17.104,2.53,Gnar,TOP,0,0,0,0,0.0,11,4.34,910,359.21,872,344.21,0,0,0,0,0,CLASSIC
KR_8285041484,2026-07-04 11:42:04.493,37.43,Chogath,TOP,0,8,8,10,2.25,288,7.69,15942,425.88,41466,1107.73,26,0,0,0,0,CLASSIC
KR_8284544556,2026-07-04 05:46:20.210,28.22,Alistar,TOP,0,2,5,6,1.6,149,5.28,8430,298.76,12328,436.9,13,0,0,0,0,CLASSIC
KR_8284330815,2026-07-04 02:13:12.635,30.05,Renekton,TOP,0,8,5,4,2.4,278,9.25,13619,453.21,25771,857.6,11,1,0,0,0,CLASSIC
KR_8284318358,2026-07-04 01:44:16.088,24.53,Alistar,TOP,1,4,8,8,1.5,124,5.05,8837,360.2,18791,765.94,13,1,0,0,0,CLASSIC
KR_8284292827,2026-07-04 01:14:41.777,24.9,Alistar,TOP,1,12,7,8,2.86,124,4.98,11435,459.24,25240,1013.65,12,1,0,0,0,CLASSIC
KR_8283788729,2026-07-03 14:18:37.233,27.92,Sylas,TOP,1,4,8,7,1.38,192,6.88,11153,399.51,28836,1032.93,17,0,0,0,0,CLASSIC
KR_8283523902,2026-07-03 12:13:06.094,24.17,Hwei,MIDDLE,0,6,4,6,3.0,230,9.52,11228,464.61,25018,1035.23,14,1,0,0,0,CLASSIC
KR_8283473977,2026-07-03 11:42:40.310,23.88,Jax,TOP,1,10,3,2,4.0,174,7.29,11582,484.94,26901,1126.35,11,0,0,0,0,CLASSIC
KR_8279929665,2026-06-30 12:21:15.690,25.15,Hwei,MIDDLE,0,4,9,5,1.0,177,7.04,9161,364.25,15937,633.68,20,0,0,0,0,CLASSIC
KR_8279854649,2026-06-30 11:33:43.771,22.63,Hwei,MIDDLE,0,2,7,2,0.57,140,6.19,7012,309.81,14571,643.78,7,0,0,0,0,CLASSIC
KR_8278888297,2026-06-29 13:25:47.974,30.23,Fizz,MIDDLE,1,8,8,8,2.0,185,6.12,12878,425.95,33050,1093.16,28,1,1,0,0,CLASSIC
KR_8278805608,2026-06-29 12:44:16.976,33.32,Maokai,MIDDLE,1,10,7,15,3.57,198,5.94,13305,399.35,27827,835.23,23,1,0,0,0,CLASSIC
KR_8277653991,2026-06-28 13:05:51.980,30.63,Ekko,MIDDLE,1,10,7,10,2.86,214,6.99,14777,482.38,47648,1555.43,19,1,1,1,0,CLASSIC
KR_8277605314,2026-06-28 12:39:14.892,22.62,Leblanc,MIDDLE,0,3,4,2,1.25,187,8.27,8354,369.37,18564,820.81,14,0,0,0,0,CLASSIC
KR_8277539207,2026-06-28 12:03:44.379,28.15,Talon,MIDDLE,1,7,5,10,3.4,184,6.54,10982,390.12,27403,973.46,19,1,0,0,0,CLASSIC
KR_8277232163,2026-06-28 08:51:10.570,29.85,Hwei,MIDDLE,1,5,4,12,4.25,191,6.4,12420,416.08,31437,1053.17,14,0,0,0,0,CLASSIC
KR_8277197104,2026-06-28 08:28:25.196,18.52,Ryze,MIDDLE,0,0,6,2,0.33,153,8.26,6437,347.63,9150,494.15,10,0,0,0,0,CLASSIC
KR_8277078973,2026-06-28 07:23:39.769,21.62,Hwei,MIDDLE,1,4,2,1,2.5,185,8.56,9572,442.81,14004,647.83,11,0,0,0,0,CLASSIC
KR_8276284505,2026-06-27 15:13:37.852,30.65,Akshan,MIDDLE,0,4,7,5,1.29,230,7.5,12137,395.99,21586,704.27,25,0,0,0,0,CLASSIC
KR_8275143597,2026-06-27 02:25:53.492,32.87,Leblanc,MIDDLE,0,7,2,3,5.0,214,6.51,12217,371.71,29644,901.95,18,0,0,0,0,CLASSIC
KR_8274709623,2026-06-26 15:20:44.070,29.45,Hwei,MIDDLE,1,10,4,16,6.5,233,7.91,14935,507.13,44112,1497.86,20,2,0,0,0,CLASSIC
KR_8274590752,2026-06-26 14:25:34.461,20.72,Thresh,UTILITY,0,2,6,5,1.17,21,1.01,5645,272.49,8416,406.24,35,0,0,0,0,CLASSIC
KR_8274513503,2026-06-26 13:47:59.813,22.47,Lissandra,MIDDLE,1,1,4,13,3.5,173,7.7,8338,371.13,12747,567.37,14,0,0,0,0,CLASSIC
KR_8274456320,2026-06-26 13:20:46.465,23.07,Nasus,TOP,0,0,6,0,0.0,195,8.45,7471,323.89,12908,559.6,13,0,0,0,0,CLASSIC
KR_8273146296,2026-06-25 12:51:37.923,42.17,Zaahen,TOP,1,5,17,13,1.06,190,4.51,13852,328.51,36676,869.79,20,0,0,0,0,CLASSIC
KR_8273075035,2026-06-25 12:11:34.352,35.97,Quinn,TOP,0,8,13,9,1.31,235,6.53,14253,396.28,33719,937.51,30,0,0,0,0,CLASSIC
KR_8268459253,2026-06-21 13:23:29.816,30.27,Quinn,TOP,1,10,10,9,1.9,151,4.99,13332,440.48,32176,1063.08,18,0,0,0,0,CLASSIC
KR_8268399099,2026-06-21 12:56:24.452,22.42,Hwei,MIDDLE,0,2,7,3,0.71,181,8.07,7874,351.26,18168,810.47,17,0,0,0,0,CLASSIC
KR_8268301893,2026-06-21 12:12:24.983,36.57,Malphite,TOP,1,9,5,16,5.0,250,6.84,18009,492.5,32236,881.57,27,1,0,0,0,CLASSIC
KR_8266643551,2026-06-20 12:20:07.059,29.5,KSante,TOP,1,4,10,11,1.5,164,5.56,10994,372.68,27146,920.2,12,0,0,0,0,CLASSIC
KR_8265950395,2026-06-20 04:31:13.332,43.82,Velkoz,MIDDLE,0,11,10,23,3.4,274,6.25,18563,423.65,49908,1139.02,22,0,0,0,0,CLASSIC
KR_8265182196,2026-06-19 13:30:26.463,31.93,Hwei,TOP,0,2,4,2,1.0,265,8.3,11295,353.71,24590,770.04,23,0,0,0,0,CLASSIC
KR_8263926977,2026-06-18 13:13:53.509,27.57,Hwei,MIDDLE,1,8,5,16,4.8,164,5.95,12944,469.55,34093,1236.75,26,1,0,0,0,CLASSIC
KR_8263864939,2026-06-18 12:42:49.757,23.73,Hwei,MIDDLE,1,5,5,4,1.8,185,7.79,10362,436.6,17668,744.44,11,0,0,0,0,CLASSIC
KR_8262786538,2026-06-17 13:16:21.782,34.03,Hwei,MIDDLE,0,11,7,7,2.57,256,7.52,15156,445.33,32269,948.16,24,0,0,0,0,CLASSIC
KR_8261531452,2026-06-16 12:33:36.332,15.7,Hwei,MIDDLE,1,2,0,2,4.0,146,9.3,6409,408.22,6188,394.14,9,0,0,0,0,CLASSIC
KR_8261525134,2026-06-16 12:25:50.919,1.63,Hwei,MIDDLE,1,0,0,0,0.0,4,2.45,636,389.39,452,276.73,0,0,0,0,0,CLASSIC
KR_8260474056,2026-06-15 13:19:41.460,33.93,Hwei,MIDDLE,1,11,6,12,3.83,279,8.22,15734,463.67,35476,1045.46,22,1,0,0,0,CLASSIC
KR_8259402081,2026-06-14 14:05:27.305,27.25,Hwei,TOP,1,7,3,6,4.33,184,6.75,11892,436.4,18174,666.94,19,0,0,0,0,CLASSIC
KR_8259322172,2026-06-14 13:26:31.881,31.1,Talon,MIDDLE,0,3,5,4,1.4,243,7.81,11730,377.17,25250,811.9,24,0,0,0,0,CLASSIC
KR_8259277135,2026-06-14 13:05:44.625,16.27,Sylas,MIDDLE,0,1,3,3,1.33,118,7.25,5630,346.11,8182,502.99,11,0,0,0,0,CLASSIC
KR_8259190132,2026-06-14 12:25:20.186,33.27,Hwei,MIDDLE,1,11,7,14,3.57,222,6.67,15294,459.74,38880,1168.74,31,1,0,0,0,CLASSIC
KR_8259111176,2026-06-14 11:46:40.654,32.65,Hwei,MIDDLE,0,7,8,6,1.62,230,7.04,14614,447.6,30840,944.56,20,0,0,0,0,CLASSIC
KR_8258683552,2026-06-14 07:14:00.761,29.28,Hwei,MIDDLE,1,3,5,4,1.4,209,7.14,11296,385.75,23146,790.42,21,0,0,0,0,CLASSIC
KR_8258267270,2026-06-14 00:32:19.410,38.38,Xerath,MIDDLE,1,5,6,16,3.5,255,6.64,15461,402.81,32061,835.28,29,0,0,0,0,CLASSIC
KR_8257896584,2026-06-13 15:37:40.145,28.3,Hwei,MIDDLE,1,5,3,5,3.33,244,8.62,12407,438.41,34293,1211.77,17,1,0,0,0,CLASSIC
KR_8257652167,2026-06-13 13:45:09.286,31.23,Briar,MIDDLE,1,10,12,5,1.25,178,5.7,13345,427.27,25713,823.26,18,1,0,0,0,CLASSIC
KR_8256575675,2026-06-12 23:23:09.496,29.37,Hwei,MIDDLE,0,2,2,4,3.0,286,9.74,11429,389.18,23166,788.85,25,0,0,0,0,CLASSIC
KR_8256224357,2026-06-12 15:16:54.450,26.93,Hwei,MIDDLE,0,7,13,3,0.77,175,6.5,11692,434.11,20535,762.44,13,0,0,0,0,CLASSIC
KR_8256149414,2026-06-12 14:41:04.742,28.5,Thresh,UTILITY,1,5,3,23,9.33,28,0.98,10048,352.56,13471,472.67,71,0,0,0,0,CLASSIC
KR_8255853788,2026-06-12 12:22:53.851,27.42,Hwei,MIDDLE,0,8,4,3,2.75,216,7.88,11744,428.35,26459,965.07,16,0,0,0,0,CLASSIC
KR_8255801584,2026-06-12 11:50:37.352,23.15,Hwei,MIDDLE,1,4,5,7,2.2,162,7.0,8913,385.01,23137,999.44,12,0,0,0,0,CLASSIC
KR_8254729708,2026-06-11 13:22:00.670,32.77,Hwei,MIDDLE,0,10,8,10,2.5,231,7.05,14847,453.11,35128,1072.07,23,1,0,0,0,CLASSIC
KR_8253456332,2026-06-10 13:03:01.213,40.27,Lissandra,MIDDLE,1,1,9,18,2.11,332,8.25,14891,369.81,34362,853.36,20,0,0,0,0,CLASSIC
KR_8253392574,2026-06-10 12:26:23.092,28.52,Briar,MIDDLE,1,14,7,7,3.0,189,6.63,13734,481.61,33422,1172.02,13,1,0,0,0,CLASSIC
KR_8252419106,2026-06-09 13:47:51.391,34.63,Lissandra,MIDDLE,0,8,13,12,1.54,235,6.79,14397,415.7,38757,1119.07,25,1,0,0,0,CLASSIC
KR_8251196006,2026-06-08 12:48:33.028,39.72,Varus,MIDDLE,1,10,11,19,2.64,272,6.85,18500,465.8,48404,1218.73,26,1,0,0,0,CLASSIC
KR_8248656309,2026-06-06 15:33:59.555,25.6,Tristana,MIDDLE,0,1,5,0,0.2,225,8.79,9131,356.68,14412,562.97,18,0,0,0,0,CLASSIC
KR_8248582249,2026-06-06 14:58:50.162,26.65,Lissandra,MIDDLE,0,1,15,5,0.4,173,6.49,8429,316.29,17440,654.41,23,0,0,0,0,CLASSIC
KR_8248509725,2026-06-06 14:28:23.969,24.97,Velkoz,MIDDLE,0,3,9,7,1.11,150,6.01,8061,322.87,12132,485.93,20,0,0,0,0,CLASSIC
KR_8248434517,2026-06-06 13:54:43.231,28.97,Briar,MIDDLE,1,12,4,8,5.0,227,7.84,15455,533.54,32760,1130.96,11,2,1,0,0,CLASSIC
KR_8248364875,2026-06-06 13:26:26.762,23.6,Talon,MIDDLE,1,6,7,4,1.43,159,6.74,8980,380.51,17825,755.3,14,1,0,0,0,CLASSIC
KR_8248282553,2026-06-06 12:45:45.494,34.77,Lissandra,MIDDLE,1,5,12,17,1.83,274,7.88,15129,435.16,43493,1251.0,22,0,0,0,0,CLASSIC
KR_8248221068,2026-06-06 12:11:14.243,30.07,Lissandra,MIDDLE,1,4,9,15,2.11,222,7.38,12157,404.33,30212,1004.83,21,0,0,0,0,CLASSIC
KR_8247928081,2026-06-06 09:00:02.376,23.67,Velkoz,MIDDLE,1,4,2,7,5.5,205,8.66,9803,414.21,19288,814.99,16,0,0,0,0,CLASSIC
KR_8247869947,2026-06-06 08:29:28.211,26.87,Varus,MIDDLE,1,10,5,11,4.2,211,7.85,14578,542.61,28021,1042.97,12,2,1,1,0,CLASSIC
KR_8247823480,2026-06-06 07:54:08.205,30.58,Vladimir,MIDDLE,1,14,6,6,3.33,226,7.39,16250,531.34,38577,1261.37,28,2,0,0,0,CLASSIC
KR_8247332461,2026-06-05 23:40:03.239,19.85,Vladimir,MIDDLE,0,0,8,1,0.12,121,6.1,5547,279.45,6729,338.99,6,0,0,0,0,CLASSIC
KR_8247321294,2026-06-05 23:06:14.632,24.8,Varus,MIDDLE,1,6,5,8,2.8,222,8.95,11401,459.72,22631,912.54,15,2,0,0,0,CLASSIC
KR_8246869473,2026-06-05 14:41:22.153,24.63,Velkoz,MIDDLE,1,9,4,6,3.75,188,7.63,11059,448.94,30260,1228.42,16,0,0,0,0,CLASSIC
KR_8246793840,2026-06-05 14:10:25.810,24.8,Vladimir,MIDDLE,0,6,4,2,2.0,236,9.52,12614,508.63,22327,900.28,10,1,0,0,0,CLASSIC
KR_8246620915,2026-06-05 12:49:29.177,21.08,Vladimir,MIDDLE,1,3,6,7,1.67,157,7.45,9075,430.43,16435,779.53,5,1,0,0,0,CLASSIC
KR_8246606482,2026-06-05 12:42:44.747,1.35,Ahri,MIDDLE,1,0,0,0,0.0,2,1.48,574,425.19,457,338.52,0,0,0,0,0,CLASSIC
KR_8246565942,2026-06-05 12:19:17.323,15.43,Briar,MIDDLE,0,1,7,0,0.14,72,4.67,4210,272.79,5622,364.28,5,0,0,0,0,CLASSIC
KR_8243914554,2026-06-03 10:22:44.901,37.8,Briar,MIDDLE,0,13,15,4,1.13,195,5.16,18236,482.43,44618,1180.37,15,1,0,0,0,CLASSIC
KR_8243593677,2026-06-03 07:07:38.518,30.63,Velkoz,MIDDLE,1,6,8,11,2.12,203,6.63,11919,389.09,35840,1169.97,15,1,0,0,0,CLASSIC
KR_8243564469,2026-06-03 06:47:39.252,15.27,Briar,MIDDLE,0,1,10,1,0.2,77,5.04,4691,307.27,8792,575.9,4,0,0,0,0,CLASSIC
KR_8243521997,2026-06-03 06:28:08.326,15.22,Velkoz,MIDDLE,0,1,4,1,0.5,123,8.08,5340,350.93,9912,651.39,10,0,0,0,0,CLASSIC
KR_8243255908,2026-06-03 02:55:43.694,31.22,Talon,MIDDLE,1,6,11,5,1.0,208,6.66,12108,387.87,22103,708.05,19,0,0,0,0,CLASSIC
KR_8243225892,2026-06-03 02:19:11.799,32.43,Velkoz,MIDDLE,0,6,9,9,1.67,201,6.2,12452,383.93,36569,1127.51,18,0,0,0,0,CLASSIC
KR_8243175840,2026-06-03 01:00:05.455,40.92,Velkoz,MIDDLE,1,10,15,15,1.67,252,6.16,17112,418.22,47647,1164.49,25,0,0,0,0,CLASSIC
KR_8243162075,2026-06-03 00:18:50.545,37.23,Briar,MIDDLE,0,11,17,5,0.94,229,6.15,14758,396.37,46422,1246.79,23,1,0,0,0,CLASSIC
KR_8243133954,2026-06-02 23:42:29.579,28.92,Velkoz,MIDDLE,1,6,6,8,2.33,211,7.3,11379,393.51,24600,850.72,23,0,0,0,0,CLASSIC
KR_8243130573,2026-06-02 23:13:09.256,24.25,Briar,MIDDLE,1,13,4,13,6.5,151,6.23,12454,513.57,28553,1177.44,13,1,0,0,0,CLASSIC
KR_8243119759,2026-06-02 22:50:04.047,18.52,Briar,MIDDLE,1,8,5,0,1.6,120,6.48,9299,502.2,15102,815.59,14,0,0,0,0,CLASSIC
KR_8242516068,2026-06-02 13:33:05.266,30.37,Briar,MIDDLE,0,12,11,7,1.73,191,6.29,14934,491.79,36739,1209.85,16,1,0,0,0,CLASSIC
KR_8242421854,2026-06-02 12:55:05.903,33.87,Varus,MIDDLE,0,4,11,2,0.55,308,9.09,16349,482.75,27979,826.15,14,0,0,0,0,CLASSIC
KR_8242361625,2026-06-02 12:21:12.505,27.25,Briar,TOP,1,5,7,9,2.0,191,7.01,11713,429.83,24204,888.22,12,0,0,0,0,CLASSIC
KR_8242248652,2026-06-02 11:09:02.501,29.75,Ryze,MIDDLE,0,4,9,5,1.0,232,7.8,11565,388.74,23500,789.92,29,0,0,0,0,CLASSIC
KR_8238427755,2026-05-30 14:15:17.192,23.87,Velkoz,MIDDLE,1,6,5,4,2.0,173,7.25,10301,431.61,24069,1008.48,25,0,0,0,0,CLASSIC
KR_8238139407,2026-05-30 11:56:48.258,25.25,Fizz,MIDDLE,1,8,8,3,1.38,188,7.45,12612,499.49,17629,698.18,16,0,0,0,0,CLASSIC
KR_8238107362,2026-05-30 11:37:09.109,15.3,Briar,MIDDLE,0,1,9,1,0.22,80,5.23,4289,280.33,6813,445.29,3,0,0,0,0,CLASSIC
KR_8237824821,2026-05-30 08:33:33.228,29.92,Briar,MIDDLE,1,11,10,0,1.1,201,6.72,12978,433.81,25903,865.84,22,1,0,0,0,CLASSIC
KR_8237576955,2026-05-30 05:48:59.778,23.33,Sejuani,JUNGLE,1,4,4,11,3.75,157,6.73,10244,439.03,13810,591.86,17,0,0,0,0,CLASSIC
KR_8237545468,2026-05-30 05:21:09.582,23.13,Briar,MIDDLE,1,6,7,3,1.29,140,6.05,8985,388.4,15881,686.5,12,0,0,0,0,CLASSIC
KR_8237502317,2026-05-30 04:45:34.676,31.87,Briar,MIDDLE,1,9,7,6,2.14,202,6.34,14091,442.19,35415,1111.35,28,0,0,0,0,CLASSIC
KR_8236587388,2026-05-29 12:56:53.187,25.48,Briar,MIDDLE,0,16,9,2,2.0,159,6.24,14846,582.58,34957,1371.76,13,0,0,0,0,CLASSIC
KR_8236447727,2026-05-29 11:43:09.038,33.22,Briar,MIDDLE,0,13,7,6,2.71,231,6.95,15781,475.09,46240,1392.07,24,1,0,0,0,CLASSIC
KR_8236419615,2026-05-29 11:22:37.331,15.3,Briar,MIDDLE,1,7,4,4,2.75,87,5.69,6821,445.82,13477,880.85,4,1,0,0,0,CLASSIC
KR_8234397936,2026-05-27 14:27:01.791,28.78,Briar,TOP,0,15,11,1,1.45,223,7.75,15672,544.48,30033,1043.42,13,0,0,0,0,CLASSIC
KR_8234341878,2026-05-27 13:56:19.574,26.73,Briar,MIDDLE,0,6,13,1,0.54,131,4.9,10059,376.27,22902,856.68,11,0,0,0,0,CLASSIC
KR_8231700632,2026-05-25 11:26:28.276,23.67,Velkoz,MIDDLE,1,6,3,8,4.67,206,8.7,10690,451.69,23981,1013.28,21,1,0,0,0,CLASSIC
KR_8230165736,2026-05-24 13:19:15.041,32.57,Talon,MIDDLE,0,7,9,3,1.11,269,8.26,15455,474.56,28939,888.61,12,0,0,0,0,CLASSIC
KR_8229909175,2026-05-24 11:06:12.316,40.22,Briar,MIDDLE,0,10,12,5,1.25,249,6.19,15993,397.67,38730,963.03,27,1,0,0,0,CLASSIC
KR_8229871060,2026-05-24 10:41:42.760,15.38,Talon,MIDDLE,0,3,10,1,0.4,94,6.11,5142,334.26,12974,843.38,8,0,0,0,0,CLASSIC
KR_8229661408,2026-05-24 08:31:58.661,32.9,Briar,MIDDLE,0,15,14,3,1.29,187,5.68,15682,476.66,37400,1136.78,21,2,0,0,0,CLASSIC
KR_8228567687,2026-05-23 14:20:27.452,35.17,Varus,MIDDLE,1,19,9,13,3.56,251,7.14,20686,588.23,52272,1486.41,31,3,0,0,0,CLASSIC
KR_8228500295,2026-05-23 13:50:04.226,26.37,Briar,MIDDLE,1,3,6,12,2.5,162,6.14,10869,412.23,19429,736.88,13,0,0,0,0,CLASSIC
KR_8228402133,2026-05-23 13:04:16.031,39.38,Fizz,MIDDLE,0,13,10,8,2.1,296,7.52,21094,535.61,46481,1180.22,46,0,0,0,0,CLASSIC
KR_8228348457,2026-05-23 12:41:31.791,18.17,Zoe,MIDDLE,0,0,5,5,1.0,117,6.44,5730,315.41,6866,377.94,9,0,0,0,0,CLASSIC
KR_8228277948,2026-05-23 12:07:10.802,29.17,Varus,MIDDLE,1,12,7,6,2.57,230,7.89,15779,540.99,33320,1142.4,15,2,0,0,0,CLASSIC
KR_8228026049,2026-05-23 09:16:38.073,22.23,Varus,MIDDLE,0,4,5,2,1.2,184,8.28,8952,402.64,19449,874.77,11,0,0,0,0,CLASSIC
KR_8227582213,2026-05-23 03:54:43.311,42.4,Ezreal,MIDDLE,1,6,13,10,1.23,332,7.83,20310,479.01,36465,860.02,19,0,0,0,0,CLASSIC
KR_8227553168,2026-05-23 03:20:32.959,27.27,Briar,MIDDLE,0,7,13,4,0.85,179,6.56,11927,437.42,23749,870.99,20,0,0,0,0,CLASSIC
KR_8227487924,2026-05-23 02:13:42.275,23.55,Varus,MIDDLE,0,4,8,3,0.88,233,9.89,11392,483.74,18771,797.07,10,0,0,0,0,CLASSIC
KR_8227474345,2026-05-23 01:42:23.339,24.37,Varus,MIDDLE,0,3,8,1,0.5,195,8.0,10894,447.09,19528,801.42,12,0,0,0,0,CLASSIC
KR_8227458931,2026-05-23 01:31:24.163,5.38,Zoe,MIDDLE,0,1,2,0,0.5,30,5.57,1821,338.27,2647,491.7,0,0,0,0,0,CLASSIC
KR_8227440829,2026-05-23 00:57:32.157,28.0,Talon,MIDDLE,1,11,6,1,2.0,220,7.86,13807,493.11,26369,941.75,20,2,0,0,0,CLASSIC
KR_8227429460,2026-05-23 00:24:02.280,27.4,Varus,MIDDLE,0,3,9,5,0.89,214,7.81,10196,372.12,23100,843.07,23,0,0,0,0,CLASSIC
KR_8226916282,2026-05-22 14:16:05.759,30.48,Varus,MIDDLE,1,4,9,5,1.0,210,6.89,12019,394.28,18038,591.73,12,0,0,0,0,CLASSIC
KR_8226806259,2026-05-22 13:28:27.828,33.52,Varus,MIDDLE,1,24,6,8,5.33,260,7.76,22755,678.92,71775,2141.47,25,7,1,0,0,CLASSIC
KR_8225544268,2026-05-21 13:21:57.757,35.1,Varus,MIDDLE,1,13,7,9,3.14,232,6.61,17282,492.36,50947,1451.48,11,0,0,0,0,CLASSIC
KR_8223100086,2026-05-19 13:14:45.724,25.7,Varus,MIDDLE,1,21,4,3,6.0,218,8.48,16926,658.6,43957,1710.39,26,4,0,0,0,CLASSIC
KR_8220438103,2026-05-17 11:08:04.421,32.33,Varus,MIDDLE,1,16,5,15,6.2,252,7.79,17698,547.36,49168,1520.66,22,2,0,0,0,CLASSIC
KR_8220117486,2026-05-17 08:06:08.099,37.02,Briar,MIDDLE,1,14,10,6,2.0,272,7.35,18175,491.0,36979,998.98,23,1,0,0,0,CLASSIC
KR_8219911532,2026-05-17 06:08:40.719,26.6,Veigar,MIDDLE,1,6,1,8,14.0,247,9.29,13264,498.65,18797,706.65,19,0,0,0,0,CLASSIC
KR_8219819522,2026-05-17 05:12:20.701,45.05,Nunu,MIDDLE,1,12,11,19,2.82,226,5.02,17928,397.96,59818,1327.81,30,1,0,0,0,CLASSIC
KR_8219772454,2026-05-17 04:32:36.878,26.88,Velkoz,MIDDLE,1,10,8,10,2.5,179,6.66,12456,463.34,32714,1216.89,15,1,0,0,0,CLASSIC
KR_8219721858,2026-05-17 03:55:39.196,31.88,Briar,MIDDLE,0,11,8,11,2.75,208,6.52,14677,460.33,31240,979.82,19,1,1,0,0,CLASSIC
KR_8219660681,2026-05-17 02:51:39.107,23.18,Viktor,MIDDLE,1,4,6,6,1.67,182,7.85,9115,393.17,19690,849.32,9,0,0,0,0,CLASSIC
KR_8219628939,2026-05-17 02:15:41.723,31.17,Briar,MIDDLE,0,8,9,6,1.56,249,7.99,13691,439.28,22213,712.72,25,0,0,0,0,CLASSIC
KR_8219630087,2026-05-17 02:02:50.124,8.35,Briar,MIDDLE,1,2,1,0,2.0,50,5.99,3070,367.66,2921,349.82,0,0,0,0,0,CLASSIC
KR_8219325895,2026-05-16 16:53:15.421,30.77,Viktor,MIDDLE,0,4,9,4,0.89,216,7.02,11171,363.09,25390,825.24,17,0,0,0,0,CLASSIC
KR_8219268209,2026-05-16 16:11:33.063,36.25,Briar,MIDDLE,1,11,15,6,1.13,211,5.82,15592,430.12,27793,766.7,18,1,0,0,0,CLASSIC
KR_8219066813,2026-05-16 14:40:21.179,25.45,Briar,MIDDLE,0,4,14,3,0.5,160,6.29,10554,414.7,13533,531.75,11,0,0,0,0,CLASSIC
KR_8219011706,2026-05-16 14:14:42.476,21.95,Zoe,MIDDLE,0,4,8,4,1.0,124,5.65,7349,334.81,14773,673.03,12,0,0,0,0,CLASSIC
KR_8218926803,2026-05-16 13:40:55.479,30.38,Briar,MIDDLE,0,6,8,7,1.62,192,6.32,11416,375.73,28985,953.98,16,0,0,0,0,CLASSIC
KR_8214648320,2026-05-13 12:26:18.622,31.85,Nasus,TOP,0,5,5,5,2.0,251,7.88,12453,390.99,40716,1278.37,26,0,0,0,0,CLASSIC
KR_8211134621,2026-05-10 12:56:12.267,33.48,Briar,MIDDLE,1,23,8,3,3.25,238,7.11,19411,579.72,44096,1316.95,22,3,1,0,0,CLASSIC
KR_8211053195,2026-05-10 12:14:52.311,35.42,Vladimir,MIDDLE,1,14,6,7,3.5,265,7.48,17427,492.06,46996,1326.95,27,2,0,0,0,CLASSIC
KR_8210979886,2026-05-10 11:45:20.806,24.5,Briar,MIDDLE,1,16,1,14,30.0,184,7.51,13211,539.22,32441,1324.12,14,2,0,0,0,CLASSIC
KR_8210482542,2026-05-10 06:55:16.588,15.4,Viktor,MIDDLE,0,0,4,1,0.25,105,6.82,4323,280.71,5126,332.86,4,0,0,0,0,CLASSIC
KR_8210113902,2026-05-10 01:30:50.792,34.78,Zoe,MIDDLE,0,17,6,9,4.33,223,6.41,16963,487.68,45093,1296.4,40,3,1,0,0,CLASSIC
KR_8210102669,2026-05-10 01:10:51.174,15.93,Viktor,MIDDLE,1,1,2,4,2.5,114,7.15,5651,354.67,11329,711.03,7,0,0,0,0,CLASSIC
KR_8209706248,2026-05-09 15:38:07.070,27.97,Viktor,MIDDLE,1,3,4,6,2.25,215,7.69,10715,383.13,24708,883.48,18,0,0,0,0,CLASSIC
KR_8209544882,2026-05-09 14:31:27.724,18.63,Viktor,MIDDLE,0,4,7,1,0.71,131,7.03,7179,385.28,9887,530.61,9,1,0,0,0,CLASSIC
KR_8209382682,2026-05-09 13:23:10.461,29.77,XinZhao,JUNGLE,1,12,3,10,7.33,208,6.99,14209,477.35,28470,956.44,19,1,0,0,0,CLASSIC
KR_8209304910,2026-05-09 12:49:04.494,28.48,Nasus,TOP,0,1,5,1,0.4,253,8.88,10034,352.28,26418,927.49,9,0,0,0,0,CLASSIC
KR_8209220968,2026-05-09 12:10:24.953,30.35,Jax,TOP,0,8,4,3,2.75,199,6.56,12958,426.95,19175,631.8,10,2,0,0,0,CLASSIC
KR_8208388138,2026-05-09 01:24:13.436,28.72,Gragas,TOP,1,2,3,7,3.0,210,7.31,10275,357.81,19706,686.22,18,0,0,0,0,CLASSIC
KR_8208359305,2026-05-09 00:40:15.489,38.68,Kaisa,TOP,0,10,13,3,1.0,317,8.19,19764,510.92,37909,979.98,37,2,0,0,0,CLASSIC
KR_8208337714,2026-05-09 00:10:52.931,25.22,Trundle,TOP,0,1,8,1,0.25,206,8.17,8952,355.0,20083,796.42,15,0,0,0,0,CLASSIC
KR_8207988061,2026-05-08 15:31:01.846,35.2,Blitzcrank,UTILITY,1,1,11,21,2.0,20,0.57,9406,267.22,11161,317.07,76,0,0,0,0,CLASSIC
KR_8207899264,2026-05-08 14:51:44.726,29.1,Vayne,TOP,0,3,19,2,0.26,154,5.29,9890,339.86,24608,845.64,12,0,0,0,0,CLASSIC
KR_8207825224,2026-05-08 14:19:14.889,28.2,Gragas,TOP,0,1,9,5,0.67,166,5.89,8128,288.23,14123,500.82,19,0,0,0,0,CLASSIC
KR_8207756911,2026-05-08 13:52:31.666,23.07,Brand,UTILITY,0,5,10,4,0.9,33,1.43,7715,334.47,15884,688.61,58,2,0,0,0,CLASSIC
KR_8206411817,2026-05-07 12:58:37.038,35.95,Nasus,TOP,0,3,9,4,0.78,283,7.87,15268,424.7,37927,1054.99,14,0,0,0,0,CLASSIC
KR_8206364011,2026-05-07 12:28:26.022,23.68,Camille,TOP,0,3,8,4,0.88,142,6.0,8404,354.85,18772,792.62,11,0,0,0,0,CLASSIC
KR_8205252840,2026-05-06 13:10:14.613,35.6,Ryze,TOP,0,2,7,8,1.43,291,8.17,13594,381.85,30679,861.77,48,0,0,0,0,CLASSIC
KR_8203171410,2026-05-05 05:36:26.728,33.85,Nasus,TOP,0,9,6,6,2.5,312,9.22,15829,467.62,35181,1039.32,29,2,0,0,0,CLASSIC
KR_8202939640,2026-05-05 02:06:38.356,1.13,Kennen,TOP,0,0,0,0,0.0,0,0.0,508,448.24,187,165.0,0,0,0,0,0,CLASSIC
KR_8202911858,2026-05-05 01:26:23.559,28.82,Camille,MIDDLE,1,6,3,7,4.33,209,7.25,12125,420.76,19591,679.85,28,1,0,0,0,CLASSIC
KR_8202864380,2026-05-04 23:37:44.487,18.73,Viktor,MIDDLE,1,3,2,5,4.0,148,7.9,8258,440.82,13524,721.92,15,0,0,0,0,CLASSIC
KR_8202859031,2026-05-04 23:08:13.503,24.12,Vayne,TOP,0,2,6,1,0.5,143,5.93,7489,310.53,22848,947.39,7,0,0,0,0,CLASSIC
KR_8202241374,2026-05-04 13:47:17.814,34.63,Talon,MIDDLE,0,10,9,6,1.78,275,7.94,16016,462.44,35555,1026.61,26,0,0,0,0,CLASSIC
KR_8199803508,2026-05-03 06:38:28.295,26.73,Ornn,TOP,1,9,1,8,17.0,221,8.27,12401,463.88,27917,1044.28,20,1,0,0,0,CLASSIC
KR_8199538286,2026-05-03 03:33:28.208,35.55,Talon,MIDDLE,1,9,13,7,1.23,227,6.39,15362,432.12,33779,950.18,21,0,0,0,0,CLASSIC
KR_8199502845,2026-05-03 03:04:27.173,24.38,Zaahen,TOP,0,2,14,1,0.21,105,4.31,6387,261.94,13242,543.08,2,0,0,0,0,CLASSIC
KR_8199440395,2026-05-03 01:39:09.241,27.28,Quinn,TOP,0,6,8,10,2.0,152,5.57,11144,408.45,25075,919.06,20,0,0,0,0,CLASSIC
KR_8199411954,2026-05-03 01:06:39.774,27.88,Jax,TOP,0,5,7,3,1.14,229,8.21,11527,413.4,19982,716.63,12,0,0,0,0,CLASSIC
KR_8199121741,2026-05-02 16:33:32.546,31.73,Jax,TOP,1,6,5,6,2.4,252,7.94,13679,431.06,23913,753.56,23,2,0,0,0,CLASSIC
KR_8199091080,2026-05-02 16:11:41.383,18.32,Nasus,TOP,0,1,8,1,0.25,81,4.42,4810,262.6,5792,316.21,6,0,0,0,0,CLASSIC
KR_8199040630,2026-05-02 15:51:19.450,15.28,Ahri,TOP,0,0,8,0,0.0,84,5.5,4321,282.73,9034,591.1,0,0,0,0,0,CLASSIC
KR_8198669423,2026-05-02 13:10:35.053,22.52,Ryze,TOP,1,5,6,7,2.0,184,8.17,10235,454.55,37150,1649.89,22,0,0,0,0,CLASSIC
KR_8197832024,2026-05-02 04:52:24.464,30.47,Nasus,TOP,1,6,12,13,1.58,205,6.73,13738,450.92,33173,1088.83,25,1,0,0,0,CLASSIC
KR_8197583476,2026-05-02 00:04:43.928,31.98,Zaahen,TOP,0,8,10,3,1.1,185,5.78,12968,405.46,32458,1014.84,13,0,0,0,0,CLASSIC
KR_8197570611,2026-05-01 23:33:37.623,26.75,Nasus,TOP,0,5,5,2,1.4,221,8.26,11088,414.5,23443,876.37,6,0,0,0,0,CLASSIC
KR_8197552880,2026-05-01 22:58:23.645,30.2,XinZhao,TOP,0,6,6,1,1.17,232,7.68,12364,409.4,26136,865.43,36,0,0,0,0,CLASSIC
KR_8196743637,2026-05-01 11:59:39.608,28.57,Jax,TOP,1,7,4,14,5.25,186,6.51,12502,437.64,31777,1112.38,20,0,0,0,0,CLASSIC
KR_8196602662,2026-05-01 10:35:55.773,24.12,MonkeyKing,TOP,1,2,3,5,2.33,185,7.67,10092,418.47,15843,656.93,13,0,0,0,0,CLASSIC
KR_8196552997,2026-05-01 10:02:43.156,27.37,Jax,TOP,1,4,7,2,0.86,158,5.77,9585,350.24,15319,559.77,15,0,0,0,0,CLASSIC
KR_8196413869,2026-05-01 08:34:57.016,28.98,Vayne,TOP,1,6,7,4,1.43,185,6.38,12664,436.94,21136,729.25,15,0,0,0,0,CLASSIC
KR_8196368571,2026-05-01 08:04:18.007,26.02,Aurora,TOP,1,3,5,8,2.2,145,5.57,8924,343.01,15718,604.15,14,0,0,0,0,CLASSIC
KR_8196311880,2026-05-01 07:34:01.934,26.55,XinZhao,TOP,0,2,12,4,0.5,193,7.27,9469,356.65,18189,685.08,14,0,0,0,0,CLASSIC
KR_8195793697,2026-05-01 00:33:07.882,32.3,Ornn,TOP,1,6,7,18,3.43,207,6.41,13324,412.51,27560,853.25,21,1,0,0,0,CLASSIC
KR_8195786326,2026-05-01 00:05:26.458,19.95,Senna,UTILITY,1,6,7,13,2.71,28,1.4,8135,407.77,13462,674.79,29,0,0,0,0,CLASSIC
KR_8195758527,2026-04-30 23:02:29.904,25.95,Akali,TOP,1,7,7,3,1.43,162,6.24,10322,397.76,28447,1096.22,12,0,0,0,0,CLASSIC
KR_8195752328,2026-04-30 22:35:24.605,22.27,Vayne,TOP,0,4,5,2,1.2,132,5.93,7493,336.51,16577,744.48,19,0,0,0,0,CLASSIC
KR_8195744089,2026-04-30 21:49:18.778,38.83,KSante,TOP,0,7,8,8,1.88,259,6.67,15781,406.38,36195,932.06,11,1,0,0,0,CLASSIC
KR_8195476750,2026-04-30 16:00:39.784,23.85,Jax,TOP,1,9,5,3,2.4,217,9.1,12698,532.41,24914,1044.61,11,0,0,0,0,CLASSIC
KR_8195412631,2026-04-30 15:26:10.914,29.05,Vayne,TOP,1,6,8,1,0.88,213,7.33,12116,417.07,20079,691.19,19,1,0,0,0,CLASSIC
KR_8193732035,2026-04-29 13:09:01.780,29.33,KSante,TOP,1,5,4,12,4.25,212,7.23,12784,435.82,24749,843.72,17,0,0,0,0,CLASSIC
KR_8193646417,2026-04-29 12:30:33.613,33.92,RekSai,TOP,1,17,11,5,2.0,155,4.57,15327,451.9,35719,1053.14,30,2,1,0,0,CLASSIC
KR_8192473281,2026-04-28 13:35:33.455,27.3,Jayce,TOP,0,9,9,5,1.56,193,7.07,11649,426.7,26146,957.73,19,2,0,0,0,CLASSIC
KR_8191100775,2026-04-27 12:43:06.726,53.55,Akali,TOP,1,11,10,9,2.0,290,5.42,20561,383.96,63945,1194.12,57,1,0,0,0,CLASSIC
KR_8189896456,2026-04-26 13:25:31.103,24.67,RekSai,TOP,0,4,5,4,1.6,120,4.86,7911,320.72,16170,655.54,15,0,0,0,0,CLASSIC
KR_8188348188,2026-04-25 14:54:13.280,32.32,Jax,TOP,0,8,5,6,2.8,247,7.64,14579,451.13,28290,875.4,22,0,0,0,0,CLASSIC
KR_8187933596,2026-04-25 11:39:04.260,40.58,KSante,TOP,1,10,9,9,2.11,298,7.34,17083,420.94,39751,979.49,28,1,0,0,0,CLASSIC
KR_8187788076,2026-04-25 09:58:23.957,26.13,Elise,TOP,0,3,10,4,0.7,175,6.7,9080,347.45,20167,771.7,13,0,0,0,0,CLASSIC
KR_8187734887,2026-04-25 09:28:33.828,24.6,Akali,TOP,1,11,7,4,2.14,141,5.73,10784,438.37,30167,1226.3,19,0,0,0,0,CLASSIC
KR_8187619473,2026-04-25 08:03:52.983,30.73,Jax,TOP,1,7,6,10,2.83,223,7.26,14157,460.64,41712,1357.22,32,0,0,0,0,CLASSIC
KR_8187489905,2026-04-25 06:42:54.673,40.85,Tristana,TOP,1,8,12,8,1.33,301,7.37,16953,415.01,46087,1128.2,39,1,0,0,0,CLASSIC
KR_8187438430,2026-04-25 06:04:56.668,33.68,Yone,TOP,1,9,3,2,3.67,334,9.92,17324,514.32,24823,736.95,37,1,0,0,0,CLASSIC
KR_8187154422,2026-04-25 01:25:20.290,28.17,Lux,MIDDLE,0,3,12,7,0.83,168,5.96,10137,359.89,20191,716.84,16,1,0,0,0,CLASSIC
KR_8187144070,2026-04-25 01:01:30.342,15.75,Nasus,TOP,1,1,1,1,2.0,138,8.76,5598,355.43,10917,693.14,7,0,0,0,0,CLASSIC
KR_8187117616,2026-04-25 00:27:29.071,29.42,Garen,TOP,0,3,7,3,0.86,215,7.31,10717,364.32,18104,615.43,24,0,0,0,0,CLASSIC
KR_8187109002,2026-04-24 23:51:42.546,30.83,Aurora,TOP,0,4,8,4,1.0,177,5.74,11142,361.36,48638,1577.45,15,0,0,0,0,CLASSIC
KR_8186827051,2026-04-24 16:02:10.677,18.87,Garen,TOP,1,7,4,1,2.0,188,9.96,10302,546.04,11640,616.96,7,0,0,0,0,CLASSIC
KR_8186761258,2026-04-24 15:28:21.861,26.77,Nasus,UTILITY,0,2,8,13,1.88,33,1.23,9007,336.5,8914,333.03,64,0,0,0,0,CLASSIC
KR_8186694022,2026-04-24 14:53:07.643,30.03,Vi,TOP,0,7,13,4,0.85,147,4.89,11053,368.02,29389,978.55,25,1,0,0,0,CLASSIC
KR_8185139282,2026-04-23 13:06:42.134,26.47,Jayce,TOP,0,2,8,3,0.62,220,8.31,9358,353.58,15884,600.15,20,0,0,0,0,CLASSIC
KR_8179509278,2026-04-19 06:07:12.748,23.52,Jayce,TOP,1,9,5,3,2.4,184,7.82,10976,466.73,24066,1023.36,12,1,0,0,0,CLASSIC
KR_8179149455,2026-04-19 00:12:36.443,31.15,Nasus,TOP,1,6,8,3,1.12,207,6.65,13639,437.85,22899,735.12,18,1,0,0,0,CLASSIC
KR_8179131989,2026-04-18 23:42:14.119,22.37,Elise,TOP,0,1,4,1,0.5,122,5.45,6716,300.27,11084,495.56,12,0,0,0,0,CLASSIC
KR_8179121479,2026-04-18 23:00:39.541,26.78,MasterYi,TOP,0,2,8,2,0.5,166,6.2,8652,323.04,13399,500.27,13,0,0,0,0,CLASSIC
KR_8179117340,2026-04-18 22:30:39.412,23.73,Jax,TOP,0,2,7,8,1.43,121,5.1,9026,380.31,18202,766.94,12,0,0,0,0,CLASSIC
KR_8179116064,2026-04-18 22:09:41.968,15.7,Elise,TOP,1,2,4,2,1.0,103,6.56,5437,346.31,10601,675.22,3,0,0,0,0,CLASSIC
KR_8178632993,2026-04-18 14:33:11.576,31.03,Yone,TOP,1,3,10,1,0.4,197,6.35,11624,374.56,25464,820.54,22,0,0,0,0,CLASSIC
KR_8178458373,2026-04-18 13:11:43.475,41.88,KSante,TOP,1,8,5,11,3.8,293,7.0,18580,443.61,37187,887.87,32,0,0,0,0,CLASSIC
KR_8178369544,2026-04-18 12:32:15.552,30.03,Elise,TOP,1,4,8,3,0.88,176,5.86,10332,344.02,30210,1005.88,14,0,0,0,0,CLASSIC
KR_8178281210,2026-04-18 11:45:30.270,30.12,KSante,TOP,0,3,9,6,1.0,194,6.44,10200,338.68,17016,565.0,15,0,0,0,0,CLASSIC
KR_8178219746,2026-04-18 11:11:51.019,27.3,KSante,TOP,0,4,4,2,1.5,236,8.64,11305,414.1,23018,843.15,19,0,0,0,0,CLASSIC
KR_8175452439,2026-04-16 12:56:22.874,32.52,KSante,TOP,1,10,3,10,6.67,222,6.83,14455,444.54,35363,1087.53,23,2,2,1,0,CLASSIC
KR_8174299341,2026-04-15 13:26:40.458,34.2,Garen,TOP,1,11,6,10,3.5,244,7.13,16268,475.67,44408,1298.48,35,1,0,0,0,CLASSIC
KR_8173224911,2026-04-14 13:34:25.922,33.03,KSante,TOP,1,7,6,3,1.67,245,7.42,13727,415.55,32831,993.87,21,1,0,0,0,CLASSIC
KR_8170943531,2026-04-12 11:18:15.352,34.7,Skarner,TOP,1,6,6,19,4.17,205,5.91,14833,427.46,41562,1197.75,12,0,0,0,0,CLASSIC
KR_8169359927,2026-04-11 11:04:32.505,32.25,Garen,TOP,1,9,9,5,1.56,234,7.26,14220,440.93,37889,1174.85,38,1,0,0,0,CLASSIC
KR_8169271979,2026-04-11 09:59:48.070,31.6,Swain,TOP,1,7,7,9,2.29,213,6.74,14810,468.67,31736,1004.3,26,0,0,0,0,CLASSIC
KR_8169203132,2026-04-11 08:55:59.695,37.75,Quinn,TOP,1,11,13,9,1.54,261,6.91,17434,461.83,47201,1250.36,36,0,0,0,0,CLASSIC
KR_8169162031,2026-04-11 08:23:55.418,27.67,Kennen,TOP,0,6,5,1,1.4,227,8.2,11245,406.45,24445,883.55,21,0,0,0,0,CLASSIC
KR_8169095216,2026-04-11 07:36:40.277,35.53,KSante,TOP,0,4,7,3,1.0,209,5.88,11485,323.22,25344,713.25,41,0,0,0,0,CLASSIC
KR_8169049120,2026-04-11 07:00:21.632,22.05,Garen,TOP,1,10,2,4,7.0,174,7.89,11700,530.61,22768,1032.56,15,1,0,0,0,CLASSIC
KR_8168991865,2026-04-11 06:25:24.473,24.83,Sylas,TOP,1,7,6,4,1.83,141,5.68,9862,397.13,17511,705.14,14,1,0,0,0,CLASSIC
KR_8168989475,2026-04-11 06:20:42.275,1.17,MonkeyKing,TOP,0,0,0,0,0.0,0,0.0,511,438.0,470,402.86,0,0,0,0,0,CLASSIC
KR_8168851438,2026-04-11 04:09:08.230,31.87,KSante,TOP,0,6,9,3,1.0,200,6.28,12382,388.56,26865,843.04,35,0,0,0,0,CLASSIC
KR_8168817700,2026-04-11 03:32:18.278,27.6,Zilean,UTILITY,1,3,5,24,5.4,45,1.63,10429,377.86,11189,405.4,72,0,0,0,0,CLASSIC
KR_8168714631,2026-04-11 00:44:56.372,37.23,Kennen,TOP,1,23,5,13,7.2,248,6.66,21393,574.57,59329,1593.44,37,1,1,0,0,CLASSIC
KR_8168465530,2026-04-10 16:17:14.558,31.63,Garen,TOP,1,7,4,6,3.25,292,9.23,15997,505.7,32665,1032.61,20,1,0,0,0,CLASSIC
KR_8168432278,2026-04-10 15:53:48.931,16.28,KSante,TOP,1,8,2,0,4.0,125,7.68,7672,471.16,14852,912.1,6,0,0,0,0,CLASSIC
KR_8168359877,2026-04-10 15:17:52.205,30.22,KSante,TOP,0,2,6,5,1.17,215,7.12,10200,337.56,17331,573.56,26,0,0,0,0,CLASSIC
KR_8168135672,2026-04-10 13:25:35.923,29.05,Zilean,UTILITY,1,1,5,18,3.8,30,1.03,9707,334.15,12619,434.39,74,0,0,0,0,CLASSIC
KR_8168093343,2026-04-10 13:00:57.754,19.77,Quinn,TOP,1,9,3,1,3.33,171,8.65,9664,488.9,17205,870.4,17,0,0,0,0,CLASSIC
KR_8167048319,2026-04-09 13:42:27.364,25.62,KSante,TOP,0,3,7,1,0.57,178,6.95,9476,369.92,16345,638.06,12,0,0,0,0,CLASSIC
KR_8165908272,2026-04-08 12:46:27.489,31.87,Garen,TOP,0,4,7,0,0.57,267,8.38,12953,406.47,14991,470.43,24,0,0,0,0,CLASSIC
KR_8163841954,2026-04-06 13:02:07.751,31.22,Garen,TOP,1,10,4,1,2.75,290,9.29,15791,505.85,33823,1083.49,25,1,0,0,0,CLASSIC
KR_8162749736,2026-04-05 13:11:36.494,34.5,Garen,TOP,0,15,8,4,2.38,221,6.41,16118,467.19,48432,1403.83,25,2,0,0,0,CLASSIC
KR_8162673216,2026-04-05 12:31:55.164,35.68,Garen,TOP,0,12,8,8,2.5,259,7.26,16644,466.44,29933,838.85,36,1,0,0,0,CLASSIC
KR_8162620310,2026-04-05 12:05:18.287,22.12,Garen,TOP,1,5,5,3,1.6,178,8.05,9278,419.5,11813,534.12,11,0,0,0,0,CLASSIC
KR_8162546716,2026-04-05 11:29:05.759,31.65,Garen,TOP,1,9,7,6,2.14,232,7.33,14568,460.28,38144,1205.18,22,0,0,0,0,CLASSIC
KR_8162442157,2026-04-05 10:20:34.079,30.18,KSante,TOP,1,2,10,9,1.1,168,5.57,10224,338.73,20949,694.06,17,0,0,0,0,CLASSIC
KR_8162372691,2026-04-05 09:40:44.926,35.42,KSante,TOP,0,3,3,8,3.67,242,6.83,12663,357.54,47267,1334.6,22,0,0,0,0,CLASSIC
KR_8162313132,2026-04-05 08:54:28.788,38.95,Garen,TOP,0,5,11,4,0.82,333,8.55,17759,455.94,40584,1041.95,50,0,0,0,0,CLASSIC
KR_8160165629,2026-04-03 23:39:05.226,30.5,Irelia,TOP,1,10,8,1,1.38,250,8.2,14075,461.48,31080,1019.02,25,0,0,0,0,CLASSIC
KR_8160160223,2026-04-03 23:00:07.754,32.05,KSante,TOP,1,4,7,12,2.29,211,6.58,11987,374.01,26247,818.94,17,0,0,0,0,CLASSIC
KR_8159639702,2026-04-03 13:44:24.776,30.97,Quinn,TOP,0,16,8,1,2.12,209,6.75,16581,535.45,41847,1351.36,25,2,1,0,0,CLASSIC
KR_8159570611,2026-04-03 13:10:15.532,28.22,KSante,TOP,1,9,4,9,4.5,214,7.58,13462,477.09,36713,1301.11,20,0,0,0,0,CLASSIC
KR_8158529999,2026-04-02 13:53:24.814,36.92,Camille,TOP,1,10,8,8,2.25,256,6.93,16842,456.22,49331,1336.28,23,0,0,0,0,CLASSIC
KR_8158396203,2026-04-02 12:29:48.405,35.78,KSante,TOP,0,9,4,9,4.5,261,7.29,16164,451.72,34380,960.78,23,0,0,0,0,CLASSIC
KR_8153314455,2026-03-29 06:10:25.769,25.65,KSante,TOP,1,5,2,7,6.0,227,8.85,11525,449.32,24027,936.73,17,0,0,0,0,CLASSIC
KR_8153273583,2026-03-29 05:42:53.577,21.32,Volibear,TOP,0,4,3,3,2.33,171,8.02,8660,406.25,10880,510.4,6,0,0,0,0,CLASSIC
KR_8153229279,2026-03-29 05:06:24.658,29.92,KSante,TOP,1,7,5,9,3.2,220,7.35,12723,425.28,29376,981.93,21,0,0,0,0,CLASSIC
KR_8153180277,2026-03-29 04:27:13.505,27.55,Morgana,UTILITY,1,3,6,15,3.0,30,1.09,9461,343.41,20150,731.4,68,0,0,0,0,CLASSIC
KR_8153154359,2026-03-29 04:05:07.841,15.2,KSante,TOP,1,3,0,2,5.0,132,8.68,6357,418.22,5454,358.82,0,0,0,0,0,CLASSIC
KR_8153078061,2026-03-29 02:35:54.389,28.18,KSante,TOP,1,6,1,11,17.0,250,8.87,13840,491.07,25951,920.79,16,0,0,0,0,CLASSIC
KR_8153040544,2026-03-29 01:53:39.730,36.63,KSante,TOP,0,3,11,5,0.73,213,5.81,11901,324.87,25116,685.61,26,0,0,0,0,CLASSIC
KR_8152695049,2026-03-28 15:56:26.990,35.45,KSante,TOP,1,7,3,8,5.0,278,7.84,15648,441.41,36704,1035.37,23,0,0,0,0,CLASSIC
KR_8152625115,2026-03-28 15:19:02.222,33.33,Kennen,TOP,1,7,7,10,2.43,247,7.41,14445,433.35,31277,938.31,12,0,0,0,0,CLASSIC
KR_8152392664,2026-03-28 13:39:14.933,27.82,Ezreal,UTILITY,0,2,9,3,0.56,104,3.74,9529,342.56,14189,510.09,56,0,0,0,0,CLASSIC
KR_8152339687,2026-03-28 13:14:39.212,16.57,KSante,TOP,0,0,6,1,0.17,127,7.67,5070,306.04,8348,503.9,0,0,0,0,0,CLASSIC
KR_8151155892,2026-03-27 17:01:20.092,23.95,Viego,JUNGLE,1,11,3,12,7.67,180,7.52,13802,576.28,19779,825.85,18,0,0,0,0,CLASSIC
KR_8151116455,2026-03-27 16:28:38.528,27.35,Malzahar,MIDDLE,0,2,8,8,1.25,219,8.01,10865,397.26,23747,868.26,14,0,0,0,0,CLASSIC
KR_8151054495,2026-03-27 15:50:05.193,32.05,Fiora,TOP,0,3,4,0,0.75,287,8.95,13730,428.39,19565,610.45,26,0,0,0,0,CLASSIC
KR_8150997277,2026-03-27 15:18:46.491,26.88,Kennen,TOP,0,2,11,4,0.55,173,6.44,9717,361.45,17167,638.57,3,0,0,0,0,CLASSIC
KR_8150926969,2026-03-27 14:48:49.936,24.52,Ornn,TOP,1,2,3,9,3.67,200,8.16,10200,416.04,16237,662.28,3,0,0,0,0,CLASSIC
KR_8150857515,2026-03-27 14:15:59.973,27.72,Gangplank,TOP,0,1,10,5,0.6,196,7.07,9488,342.32,24047,867.6,14,0,0,0,0,CLASSIC
KR_8150777747,2026-03-27 13:40:27.929,22.38,Garen,TOP,1,5,0,6,11.0,244,10.9,11725,523.83,16687,745.51,17,0,0,0,0,CLASSIC
KR_8150700271,2026-03-27 13:02:26.327,33.33,Briar,TOP,1,5,12,14,1.58,160,4.8,11796,353.88,38142,1144.26,36,0,0,0,0,CLASSIC
KR_8148404028,2026-03-25 13:10:38.803,41.35,Garen,TOP,0,19,10,5,2.4,269,6.51,20792,502.83,53055,1283.07,43,2,0,0,0,CLASSIC
KR_8148336539,2026-03-25 12:37:39.625,25.93,Azir,MIDDLE,0,2,6,2,0.67,218,8.41,9715,374.61,17918,690.93,11,0,0,0,0,CLASSIC
KR_8148291972,2026-03-25 12:17:02.862,15.52,Viktor,MIDDLE,0,2,2,0,1.0,122,7.86,5350,344.79,11139,717.87,6,0,0,0,0,CLASSIC
KR_8147222238,2026-03-24 12:56:15.678,27.63,Azir,MIDDLE,0,1,13,1,0.15,184,6.66,9224,333.8,9639,348.82,19,0,0,0,0,CLASSIC
KR_8147151778,2026-03-24 12:24:47.733,25.95,Viktor,MIDDLE,1,10,4,9,4.75,184,7.09,11886,458.03,36583,1409.75,18,2,1,1,0,CLASSIC
KR_8144839803,2026-03-22 12:31:28.862,30.2,Zaahen,TOP,0,1,8,6,0.88,210,6.95,11385,376.99,24696,817.75,12,0,0,0,0,CLASSIC
KR_8144755624,2026-03-22 11:51:32.200,35.02,Gangplank,TOP,1,10,8,20,3.75,250,7.14,17626,503.36,46833,1337.45,24,1,0,0,0,CLASSIC
KR_8144625659,2026-03-22 10:48:50.513,11.37,Shyvana,TOP,1,1,3,2,1.0,74,6.51,3751,330.0,6784,596.83,1,0,0,0,0,CLASSIC
KR_8144557777,2026-03-22 10:12:56.973,30.25,Chogath,TOP,0,3,9,0,0.33,251,8.3,11150,368.6,25825,853.72,23,0,0,0,0,CLASSIC
KR_8144529416,2026-03-22 09:50:54.268,15.6,KSante,TOP,0,1,3,0,0.33,141,9.04,5333,341.86,9492,608.46,0,0,0,0,0,CLASSIC
KR_8144408440,2026-03-22 08:40:21.069,32.52,Quinn,TOP,1,20,7,4,3.43,276,8.49,19633,603.78,39478,1214.09,35,2,1,0,0,CLASSIC
KR_8144327622,2026-03-22 07:57:30.041,35.27,Blitzcrank,UTILITY,0,2,10,26,2.8,24,0.68,10839,307.34,14643,415.21,78,0,0,0,0,CLASSIC
KR_8144265959,2026-03-22 07:25:47.492,28.07,Garen,TOP,0,3,7,1,0.57,227,8.09,10021,357.04,18683,665.67,18,0,0,0,0,CLASSIC
KR_8143934634,2026-03-22 03:24:53.978,24.42,KSante,TOP,0,5,6,0,0.83,191,7.82,9096,372.53,21824,893.82,3,0,0,0,0,CLASSIC
KR_8143800477,2026-03-21 23:47:18.513,34.03,Jax,TOP,1,5,4,3,2.0,271,7.96,13799,405.46,30602,899.18,19,0,0,0,0,CLASSIC
KR_8143786817,2026-03-21 23:18:30.612,23.45,Vayne,TOP,1,4,2,1,2.5,149,6.35,8580,365.88,8670,369.72,16,0,0,0,0,CLASSIC
KR_8143330240,2026-03-21 14:39:22.375,39.03,Shyvana,TOP,0,10,13,7,1.31,262,6.71,17413,446.11,56991,1460.06,35,2,0,0,0,CLASSIC
KR_8143284210,2026-03-21 14:18:50.489,15.22,Garen,TOP,0,1,3,1,0.67,127,8.35,5520,362.76,8829,580.22,7,0,0,0,0,CLASSIC
KR_8143205755,2026-03-21 13:48:05.398,23.8,Sett,TOP,0,1,5,1,0.4,157,6.6,7123,299.29,24436,1026.72,7,0,0,0,0,CLASSIC
KR_8143147487,2026-03-21 13:20:22.117,15.62,Kennen,TOP,1,6,3,0,2.0,116,7.43,6383,408.73,10057,643.99,9,0,0,0,0,CLASSIC
KR_8143040373,2026-03-21 12:31:32.362,43.0,Kennen,TOP,1,14,8,11,3.12,268,6.23,19621,456.3,50145,1166.16,50,0,0,0,0,CLASSIC
KR_8140212171,2026-03-19 13:24:57.254,38.25,Chogath,TOP,0,9,11,6,1.36,269,7.03,15943,416.81,40348,1054.85,28,1,0,0,0,CLASSIC
KR_8140118549,2026-03-19 12:39:31.966,37.78,Shyvana,TOP,0,9,9,4,1.44,246,6.51,16259,430.32,32113,849.93,28,1,0,0,0,CLASSIC
KR_8137709498,2026-03-17 12:39:06.670,33.4,Varus,TOP,1,6,9,1,0.78,271,8.11,14426,431.92,23891,715.3,34,0,0,0,0,CLASSIC
KR_8137677003,2026-03-17 12:18:29.141,15.43,Gangplank,TOP,0,0,7,2,0.29,98,6.35,5234,339.14,9200,596.11,9,0,0,0,0,CLASSIC
KR_8135285563,2026-03-15 12:46:57.078,27.23,Sett,TOP,0,4,8,2,0.75,200,7.34,10129,371.93,23383,858.62,23,0,0,0,0,CLASSIC
KR_8133608061,2026-03-14 14:25:16.534,47.43,Jax,TOP,0,18,10,14,3.2,319,6.73,23098,486.96,79619,1678.55,57,2,0,0,0,CLASSIC
KR_8133525138,2026-03-14 13:52:50.543,27.42,Shyvana,TOP,0,6,6,3,1.5,245,8.94,14846,541.5,26465,965.29,21,0,0,0,0,CLASSIC
KR_8132008509,2026-03-13 16:03:10.411,27.97,DrMundo,TOP,1,5,2,6,5.5,252,9.01,15090,539.57,27970,1000.12,12,0,0,0,0,CLASSIC
KR_8131922665,2026-03-13 15:21:57.644,32.37,Fiora,TOP,0,10,6,1,1.83,268,8.28,16934,523.19,32326,998.74,20,0,0,0,0,CLASSIC
KR_8131846885,2026-03-13 14:50:27.084,21.38,Garen,TOP,1,2,0,2,4.0,213,9.96,8942,418.18,12246,572.69,19,0,0,0,0,CLASSIC
KR_8131595130,2026-03-13 13:04:07.297,31.07,Briar,TOP,1,6,8,8,1.75,249,8.02,14900,479.61,23794,765.9,30,0,0,0,0,CLASSIC
KR_8130569710,2026-03-12 15:51:03.672,34.22,Jax,TOP,1,10,5,3,2.6,264,7.72,16994,496.66,35264,1030.61,12,1,0,0,0,CLASSIC
KR_8130491953,2026-03-12 15:00:09.452,46.82,Zaahen,TOP,0,14,11,6,1.82,268,5.72,21262,454.15,61932,1322.86,46,0,0,0,0,CLASSIC
KR_8130463413,2026-03-12 14:39:27.071,15.43,Kayle,TOP,0,1,4,0,0.25,118,7.65,5199,336.87,3197,207.15,5,0,0,0,0,CLASSIC
KR_8130396457,2026-03-12 14:06:00.307,29.45,Aurora,TOP,1,5,6,8,2.17,186,6.32,11470,389.47,27528,934.74,24,1,0,0,0,CLASSIC
KR_8130306786,2026-03-12 13:23:49.675,36.22,Varus,TOP,1,8,7,7,2.14,281,7.76,16828,464.65,31751,876.7,32,1,1,0,0,CLASSIC
KR_8124708460,2026-03-08 09:44:11.377,1.15,Fiora,TOP,1,0,0,0,0.0,0,0.0,509,442.61,0,0.0,0,0,0,0,0,CLASSIC
KR_8124650370,2026-03-08 09:09:07.435,25.98,Zaahen,TOP,1,2,5,3,1.0,185,7.12,9541,367.2,23816,916.59,16,0,0,0,0,CLASSIC
KR_8124567370,2026-03-08 08:25:47.775,38.55,Zaahen,TOP,1,6,7,10,2.29,295,7.65,16030,415.82,42695,1107.52,28,1,0,0,0,CLASSIC
KR_8124510099,2026-03-08 07:53:26.836,28.1,Jax,TOP,1,17,5,7,4.8,226,8.04,16084,572.38,37617,1338.68,18,1,0,0,0,CLASSIC
KR_8124417618,2026-03-08 07:12:00.090,24.98,Talon,TOP,0,2,5,2,0.8,167,6.68,9576,383.3,24763,991.18,19,0,0,0,0,CLASSIC
KR_8124160044,2026-03-08 04:28:37.649,48.78,Zaahen,TOP,1,15,8,16,3.88,420,8.61,24628,504.84,69528,1425.24,40,2,0,0,0,CLASSIC
KR_8123956514,2026-03-08 00:29:05.937,34.05,Teemo,TOP,0,9,8,7,2.0,232,6.81,15802,464.08,36260,1064.9,18,1,0,0,0,CLASSIC
KR_8123653105,2026-03-07 16:27:28.476,22.73,Singed,TOP,1,5,5,5,2.0,222,9.77,12130,533.58,20502,901.85,13,0,0,0,0,CLASSIC
KR_8123577584,2026-03-07 15:53:30.486,28.47,Lillia,TOP,0,5,5,1,1.2,235,8.26,12101,425.09,20670,726.11,19,0,0,0,0,CLASSIC
KR_8123341730,2026-03-07 14:18:41.018,36.27,Zaahen,TOP,1,10,9,6,1.78,248,6.84,14831,408.94,37950,1046.42,35,0,0,0,0,CLASSIC
KR_8121678633,2026-03-06 15:40:05.369,40.72,Zaahen,TOP,1,8,8,15,2.88,255,6.26,16677,409.59,41736,1025.03,36,0,0,0,0,CLASSIC
KR_8121594845,2026-03-06 15:04:50.748,29.92,Briar,TOP,1,13,7,7,2.86,185,6.18,14900,498.05,37636,1258.03,21,0,0,0,0,CLASSIC
KR_8121496827,2026-03-06 14:25:00.598,32.43,Zaahen,TOP,0,7,10,6,1.3,191,5.89,12117,373.6,32434,1000.02,25,0,0,0,0,CLASSIC
KR_8121382765,2026-03-06 13:38:14.558,32.27,Shyvana,TOP,1,3,12,5,0.67,264,8.18,16762,519.48,27981,867.18,27,0,0,0,0,CLASSIC
KR_8116098148,2026-03-02 12:42:39.859,32.98,Riven,TOP,0,9,5,4,2.6,265,8.03,14218,431.07,28701,870.17,35,0,0,0,0,CLASSIC
KR_8115970618,2026-03-02 11:51:51.734,40.83,Hwei,MIDDLE,0,3,9,6,1.0,306,7.49,15347,375.84,36152,885.36,30,1,0,0,0,CLASSIC
KR_8115766002,2026-03-02 10:17:17.755,24.38,Shyvana,TOP,0,1,7,0,0.14,227,9.31,11883,487.34,18188,745.92,15,0,0,0,0,CLASSIC
KR_8114973451,2026-03-02 02:17:43.980,26.87,Shyvana,TOP,0,9,9,5,1.56,184,6.85,12378,460.72,28456,1059.16,18,1,0,0,0,CLASSIC
KR_8114947455,2026-03-02 01:39:30.520,33.87,Aurora,MIDDLE,0,8,9,3,1.22,203,5.99,12502,369.15,31553,931.68,30,0,0,0,0,CLASSIC
KR_8114376011,2026-03-01 14:49:06.157,26.23,Shyvana,TOP,0,0,10,1,0.1,223,8.5,11510,438.75,17976,685.24,13,0,0,0,0,CLASSIC
KR_8114315422,2026-03-01 14:28:32.149,15.97,Shyvana,TOP,0,0,4,1,0.25,130,8.14,5792,362.76,11153,698.52,9,0,0,0,0,CLASSIC
KR_8113970942,2026-03-01 12:21:41.982,31.95,Shyvana,TOP,1,9,8,8,2.12,310,9.7,21302,666.73,85687,2681.91,21,2,1,0,0,CLASSIC
KR_8113869426,2026-03-01 11:35:52.033,31.35,Shyvana,TOP,1,5,10,7,1.2,232,7.4,15223,485.58,43245,1379.43,19,0,0,0,0,CLASSIC
KR_8113693145,2026-03-01 10:04:30.371,33.82,Jax,TOP,1,11,6,7,3.0,288,8.52,18659,551.77,47984,1418.95,30,0,0,0,0,CLASSIC
KR_8113599729,2026-03-01 09:15:27.523,35.25,Aurora,MIDDLE,1,3,9,8,1.22,196,5.56,10898,309.16,24853,705.05,31,0,0,0,0,CLASSIC
KR_8113513592,2026-03-01 08:26:03.412,40.83,Shyvana,TOP,1,7,9,6,1.44,337,8.25,20154,493.57,45569,1115.98,25,2,0,0,0,CLASSIC
KR_8112600331,2026-02-28 16:22:39.986,28.1,Annie,MIDDLE,1,16,6,6,3.67,182,6.48,14349,510.64,39771,1415.34,24,0,0,0,0,CLASSIC
KR_8112561329,2026-02-28 16:02:21.796,15.58,Aurora,MIDDLE,1,4,0,2,6.0,115,7.38,5801,372.26,10895,699.14,12,0,0,0,0,CLASSIC
KR_8112461645,2026-02-28 15:19:36.851,37.17,Talon,MIDDLE,0,18,12,2,1.67,262,7.05,19391,521.73,57535,1548.03,22,0,0,0,0,CLASSIC
KR_8112383054,2026-02-28 14:45:16.459,28.68,Volibear,TOP,0,3,5,0,0.6,245,8.54,11515,401.45,26595,927.19,18,0,0,0,0,CLASSIC
KR_8112270297,2026-02-28 14:02:57.789,36.1,Shyvana,TOP,1,7,10,2,0.9,229,6.34,15777,437.04,30334,840.28,21,1,1,0,0,CLASSIC
KR_8112153544,2026-02-28 13:19:08.722,34.2,Quinn,TOP,0,9,11,9,1.64,277,8.1,15721,459.68,35915,1050.15,26,0,0,0,0,CLASSIC
KR_8112069206,2026-02-28 12:42:36.007,31.77,Shyvana,TOP,0,3,10,6,0.9,212,6.67,12841,404.23,28379,893.36,20,0,0,0,0,CLASSIC
KR_8102370900,2026-02-22 12:51:32.934,1.25,Jax,TOP,0,0,0,0,0.0,0,0.0,524,419.2,0,0.0,0,0,0,0,0,CLASSIC
KR_8102264726,2026-02-22 12:10:50.774,36.03,Jax,TOP,1,10,8,5,1.88,244,6.77,19450,539.78,45269,1256.31,10,1,0,0,0,CLASSIC
KR_8101848746,2026-02-22 08:51:31.277,36.5,Jax,TOP,0,8,4,4,3.0,293,8.03,17742,486.08,40698,1115.01,23,0,0,0,0,CLASSIC
KR_8101789252,2026-02-22 08:19:20.135,25.08,Gragas,TOP,0,5,5,4,1.8,172,6.86,9174,365.74,18298,729.49,13,0,0,0,0,CLASSIC
KR_8101713057,2026-02-22 07:37:58.439,34.08,Jax,TOP,1,8,10,1,0.9,244,7.16,15974,468.67,23281,683.06,25,0,0,0,0,CLASSIC
KR_8101389041,2026-02-22 04:40:13.907,24.98,Jax,TOP,1,9,5,1,2.0,159,6.36,11983,479.64,28664,1147.32,5,1,0,0,0,CLASSIC
KR_8101338454,2026-02-22 04:05:59.894,29.02,Jax,TOP,1,5,8,0,0.62,209,7.2,12138,418.31,18140,625.16,14,0,0,0,0,CLASSIC
KR_8100915743,2026-02-21 17:17:52.658,48.03,Malphite,TOP,0,20,12,7,2.25,278,5.79,25348,527.72,60842,1266.66,48,0,0,0,0,CLASSIC
KR_8100852405,2026-02-21 16:39:22.675,32.22,Swain,TOP,1,0,4,14,3.5,252,7.82,13617,422.67,34597,1073.89,29,0,0,0,0,CLASSIC
KR_8100777323,2026-02-21 16:01:33.552,32.48,Talon,MIDDLE,0,8,9,3,1.22,259,7.97,13790,424.53,27603,849.76,19,0,0,0,0,CLASSIC
KR_8100691649,2026-02-21 15:27:56.441,29.03,Talon,MIDDLE,1,7,7,9,2.29,195,6.72,12417,427.68,24295,836.8,18,1,0,0,0,CLASSIC
KR_8100620042,2026-02-21 14:56:53.936,25.93,Talon,MIDDLE,0,2,8,8,1.25,171,6.59,9718,374.73,19828,764.58,20,0,0,0,0,CLASSIC
KR_8100531430,2026-02-21 14:27:02.484,24.47,Jax,TOP,0,3,4,2,1.25,189,7.72,9654,394.58,17766,726.13,21,0,0,0,0,CLASSIC
KR_8100411194,2026-02-21 13:43:30.788,39.37,Jax,TOP,1,5,9,9,1.56,258,6.55,16172,410.8,34889,886.26,23,0,0,0,0,CLASSIC
KR_8100296997,2026-02-21 13:04:39.583,33.08,Varus,TOP,0,12,9,7,2.11,240,7.25,13772,416.28,48572,1468.17,19,1,0,0,0,CLASSIC
KR_8094781858,2026-02-18 11:47:59.925,32.08,Jax,TOP,1,9,11,6,1.36,235,7.32,17111,533.33,41407,1290.61,24,2,0,0,0,CLASSIC
KR_8093206653,2026-02-17 15:33:17.629,29.1,Jax,TOP,0,10,4,3,3.25,269,9.24,15803,543.06,34050,1170.1,23,0,0,0,0,CLASSIC
KR_8093122366,2026-02-17 14:57:42.902,31.25,Volibear,TOP,1,6,6,5,1.83,189,6.05,12330,394.56,25073,802.34,11,0,0,0,0,CLASSIC
KR_8093013668,2026-02-17 14:20:56.366,32.35,Teemo,TOP,1,10,4,6,4.0,302,9.34,18629,575.86,35747,1105.01,26,1,0,0,0,CLASSIC
KR_8091425351,2026-02-16 17:04:06.451,18.73,Azir,MIDDLE,0,2,5,2,0.8,94,5.02,6204,331.17,8795,469.48,6,0,0,0,0,CLASSIC
KR_8091369962,2026-02-16 16:33:39.365,24.68,Gnar,TOP,0,3,2,1,2.0,212,8.59,10472,424.25,16230,657.53,17,0,0,0,0,CLASSIC
KR_8091325741,2026-02-16 16:07:27.142,19.92,Jax,TOP,0,1,2,3,2.0,113,5.67,6772,340.02,5452,273.74,8,0,0,0,0,CLASSIC
KR_8091252482,2026-02-16 15:30:56.414,31.42,Briar,TOP,0,5,10,2,0.7,189,6.02,11876,378.02,17324,551.43,14,0,0,0,0,CLASSIC
KR_8091161502,2026-02-16 14:54:14.589,27.15,Kennen,TOP,0,3,4,1,1.0,209,7.7,9980,367.59,21240,782.32,17,0,0,0,0,CLASSIC
KR_8091063662,2026-02-16 14:18:06.078,30.92,Quinn,TOP,0,7,10,8,1.5,213,6.89,13793,446.13,30835,997.36,20,0,0,0,0,CLASSIC
KR_8090961851,2026-02-16 13:40:49.559,32.7,Singed,TOP,1,11,7,16,3.86,290,8.87,17864,546.3,53725,1642.97,19,1,0,0,0,CLASSIC
KR_8090875316,2026-02-16 13:04:01.322,30.78,Zed,TOP,1,5,7,5,1.43,230,7.47,14444,469.21,30496,990.67,25,0,0,0,0,CLASSIC
KR_8090775518,2026-02-16 12:27:05.576,32.53,Jax,TOP,1,6,10,10,1.6,167,5.13,14130,434.32,29142,895.76,16,0,0,0,0,CLASSIC
KR_8090589566,2026-02-16 11:02:30.499,34.98,Jax,TOP,1,3,11,5,0.73,212,6.06,12121,346.48,26228,749.73,20,0,0,0,0,CLASSIC
KR_8090101078,2026-02-16 06:35:46.093,26.52,Jax,TOP,0,5,5,2,1.4,216,8.15,12198,460.01,30097,1135.02,10,0,0,0,0,CLASSIC
KR_8090028582,2026-02-16 05:56:04.975,23.47,Jax,TOP,1,7,2,3,5.0,217,9.25,13815,588.71,17428,742.67,11,0,0,0,0,CLASSIC
KR_8089763213,2026-02-16 02:03:49.996,15.77,Jax,TOP,1,3,4,3,1.5,119,7.55,7551,478.92,10192,646.43,8,0,0,0,0,CLASSIC
KR_8089234774,2026-02-15 15:33:49.729,30.68,Jax,TOP,0,5,9,3,0.89,185,6.03,12706,414.1,24572,800.83,16,1,0,0,0,CLASSIC
